cpu_pct,gpu_power_w,gpu_sm_mhz,gpu_temp_c,gpu_util_pct,loadavg1,mem_avail_gib,rss_gib,t
11.79,4.78,214.0,47.0,0.0,0.60986328125,113.21,0.897,2.0
5.75,4.72,214.0,47.0,1.0,0.60986328125,113.07,1.094,4.05
23.19,4.82,208.0,47.0,0.0,1.20166015625,112.68,7.364,6.09
16.94,5.8,208.0,47.0,0.0,1.20166015625,112.77,1.423,8.13
6.4,12.37,2392.0,48.0,2.0,1.20166015625,111.8,1.8,10.17
6.5,12.34,2392.0,48.0,1.0,1.265625,111.24,2.07,12.21
6.68,12.32,2392.0,48.0,1.0,1.265625,110.69,2.33,14.25
6.58,12.27,2392.0,48.0,1.0,1.244140625,110.63,1.879,16.28
5.49,51.75,2398.0,55.0,96.0,1.244140625,108.55,1.815,18.32
5.74,51.86,2385.0,58.0,96.0,1.244140625,105.78,2.129,20.36
5.76,54.74,2398.0,56.0,96.0,1.22412109375,105.02,2.133,22.41
5.67,54.91,2392.0,60.0,96.0,1.22412109375,105.02,2.143,24.45
5.57,54.35,2392.0,58.0,95.0,1.2060546875,105.03,2.149,26.5
5.76,57.78,2398.0,60.0,96.0,1.2060546875,104.47,2.151,28.56
5.68,54.67,2398.0,60.0,96.0,1.2060546875,104.48,2.156,30.61
5.79,57.07,2392.0,63.0,96.0,1.189453125,103.59,2.159,32.65
5.66,52.66,2405.0,57.0,96.0,1.189453125,103.6,2.163,34.69
5.87,55.56,2398.0,61.0,96.0,1.173828125,103.61,2.164,36.74
6.78,55.96,2398.0,60.0,96.0,1.173828125,103.7,2.166,38.79
5.72,56.44,2405.0,57.0,96.0,1.15966796875,103.7,2.169,40.84
5.65,57.09,2398.0,62.0,96.0,1.15966796875,103.7,2.171,42.88
5.71,61.01,2405.0,62.0,96.0,1.15966796875,103.7,2.173,44.92
5.68,54.63,2405.0,61.0,93.0,1.146484375,103.7,2.178,46.97
5.74,61.35,2405.0,62.0,96.0,1.146484375,103.71,2.18,49.02
5.77,59.55,2398.0,63.0,96.0,1.13427734375,103.72,2.18,51.08
5.82,56.05,2405.0,65.0,94.0,1.13427734375,103.73,2.183,53.13
5.97,61.36,2405.0,64.0,96.0,1.13427734375,103.72,2.185,55.17
5.69,57.11,2405.0,66.0,96.0,1.123046875,103.72,2.187,57.22
5.84,53.81,2405.0,64.0,96.0,1.123046875,103.73,2.187,59.27
5.71,56.48,2398.0,65.0,96.0,1.11279296875,103.74,2.188,61.32
5.68,58.58,2405.0,67.0,96.0,1.11279296875,103.74,2.19,63.37
5.77,56.63,2392.0,66.0,96.0,1.11279296875,103.73,2.191,65.41
5.8,60.6,2405.0,66.0,96.0,1.103515625,103.74,2.193,67.46
5.55,58.11,2405.0,66.0,96.0,1.103515625,103.74,2.193,69.51
5.78,56.07,2398.0,66.0,94.0,1.17578125,103.75,2.196,71.55
5.77,56.76,2392.0,68.0,96.0,1.17578125,103.75,2.196,73.6
5.69,57.88,2405.0,65.0,96.0,1.17578125,103.75,2.197,75.66
5.77,58.99,2405.0,67.0,96.0,1.322265625,103.75,2.197,77.72
5.79,56.09,2405.0,68.0,96.0,1.322265625,103.74,2.2,79.77
5.78,56.01,2405.0,68.0,96.0,1.376953125,103.74,2.201,81.82
5.66,55.84,2392.0,68.0,96.0,1.376953125,103.74,2.201,83.87
5.94,57.38,2405.0,68.0,96.0,1.3466796875,103.73,2.202,85.92
5.83,60.32,2392.0,68.0,96.0,1.3466796875,103.73,2.202,87.97
5.68,61.62,2398.0,69.0,96.0,1.3466796875,103.73,2.203,90.02
5.73,59.47,2398.0,69.0,96.0,1.31884765625,103.73,2.203,92.06
5.98,59.56,2398.0,69.0,96.0,1.31884765625,103.73,2.203,94.12
5.7,58.06,2392.0,71.0,96.0,1.29296875,103.74,2.204,96.16
5.98,56.28,2398.0,69.0,96.0,1.29296875,103.73,2.204,98.2
6.89,56.92,2398.0,70.0,96.0,1.29296875,103.74,2.204,100.26
6.81,56.6,2392.0,69.0,96.0,1.26904296875,103.73,2.206,102.33
6.35,60.0,2398.0,70.0,96.0,1.26904296875,103.73,2.207,104.37
6.41,57.91,2398.0,66.0,96.0,1.2470703125,103.73,2.208,106.43
6.59,55.22,2398.0,70.0,93.0,1.2470703125,103.72,2.208,108.48
5.82,59.6,2398.0,71.0,96.0,1.2470703125,103.07,2.209,110.58
5.89,59.21,2405.0,72.0,96.0,1.22705078125,103.07,2.209,112.63
6.23,60.37,2398.0,71.0,96.0,1.22705078125,103.07,2.209,114.68
6.42,59.0,2385.0,72.0,96.0,1.20849609375,103.08,2.21,116.73
6.26,57.64,2398.0,71.0,96.0,1.20849609375,103.07,2.21,118.79
5.75,61.13,2398.0,71.0,96.0,1.19140625,103.08,2.21,120.84
6.37,59.99,2398.0,71.0,96.0,1.19140625,103.07,2.211,122.9
5.79,58.68,2392.0,74.0,96.0,1.19140625,103.08,2.211,124.95
13.75,60.75,2398.0,71.0,96.0,1.17578125,103.09,2.211,127.02
5.87,60.14,2405.0,72.0,94.0,1.17578125,103.08,2.212,129.08
5.93,57.61,2405.0,72.0,94.0,1.16162109375,103.08,2.212,131.14
6.35,58.96,2398.0,74.0,96.0,1.16162109375,103.08,2.212,133.2
5.83,59.49,2392.0,72.0,96.0,1.16162109375,103.07,2.213,135.25
14.17,58.16,2392.0,72.0,96.0,1.1484375,103.07,2.213,137.31
5.94,61.03,2398.0,74.0,96.0,1.1484375,103.05,2.213,139.36
5.7,61.55,2392.0,72.0,94.0,1.13623046875,103.05,2.213,141.42
6.82,60.6,2392.0,72.0,96.0,1.13623046875,103.05,2.214,143.47
6.99,58.49,2405.0,73.0,96.0,1.13623046875,103.08,2.214,145.54
6.4,57.28,2398.0,74.0,96.0,1.20556640625,103.08,2.214,147.59
5.83,58.15,2405.0,73.0,96.0,1.20556640625,103.08,2.215,149.66
6.03,61.29,2398.0,73.0,96.0,1.18896484375,102.58,2.215,151.72
6.67,61.03,2398.0,73.0,96.0,1.18896484375,102.55,2.215,153.78
5.68,61.74,2398.0,73.0,96.0,1.173828125,102.57,2.215,155.84
6.13,60.36,2398.0,75.0,96.0,1.173828125,102.56,2.215,157.89
6.42,58.57,2392.0,74.0,96.0,1.173828125,102.57,2.216,159.95
6.44,61.4,2398.0,74.0,96.0,1.15966796875,102.57,2.216,162.01
6.17,60.95,2385.0,73.0,96.0,1.15966796875,102.57,2.217,164.06
5.9,63.24,2392.0,74.0,96.0,1.146484375,102.57,2.217,166.12
6.9,59.65,2392.0,74.0,96.0,1.146484375,102.57,2.217,168.18
6.62,58.11,2398.0,75.0,96.0,1.146484375,102.56,2.217,170.23
6.89,66.15,2385.0,76.0,96.0,1.13427734375,102.56,2.218,172.36
6.69,58.95,2398.0,76.0,96.0,1.13427734375,102.56,2.218,174.41
7.43,64.21,2392.0,75.0,96.0,1.20361328125,102.57,2.219,176.54
6.15,60.92,2385.0,74.0,94.0,1.20361328125,102.57,2.219,178.58
5.63,61.97,2398.0,75.0,96.0,1.20361328125,102.58,2.219,180.63
6.36,57.76,2398.0,74.0,96.0,1.34765625,102.57,2.219,182.68
5.79,66.95,2392.0,75.0,96.0,1.34765625,102.56,2.219,184.75
5.96,63.72,2398.0,75.0,96.0,1.3193359375,102.57,2.22,186.81
6.99,57.5,2398.0,75.0,96.0,1.3193359375,102.57,2.22,188.86
6.89,58.42,2392.0,76.0,96.0,1.4541015625,102.57,2.22,190.93
7.11,60.25,2398.0,76.0,96.0,1.4541015625,102.58,2.221,192.99
6.96,60.18,2392.0,76.0,96.0,1.4541015625,102.57,2.221,195.04
5.75,58.84,2398.0,72.0,95.0,1.498046875,102.57,2.222,197.1
6.03,63.43,2392.0,77.0,96.0,1.498046875,102.57,2.222,199.16
6.66,56.57,2385.0,76.0,96.0,1.4580078125,102.57,2.223,201.22
5.97,60.91,2398.0,77.0,94.0,1.4580078125,102.56,2.225,203.36
5.87,59.54,2392.0,76.0,96.0,1.4580078125,102.57,2.225,205.42
7.22,61.12,2392.0,76.0,96.0,1.50146484375,102.58,2.226,207.48
7.2,64.26,2398.0,76.0,96.0,1.50146484375,102.58,2.226,209.54
8.16,60.73,2392.0,75.0,96.0,1.62158203125,102.58,2.227,211.59
7.79,60.5,2392.0,72.0,96.0,1.62158203125,102.58,2.227,213.64
6.99,62.72,2398.0,77.0,96.0,1.62158203125,102.56,2.228,215.7
7.24,60.9,2379.0,77.0,95.0,1.8125,102.56,2.228,217.76
7.15,61.0,2398.0,77.0,96.0,1.8125,102.56,2.228,219.82
7.23,60.81,2398.0,77.0,96.0,1.82763671875,102.56,2.228,221.88
6.53,60.3,2398.0,79.0,96.0,1.82763671875,102.57,2.228,223.94
7.0,63.55,2398.0,76.0,96.0,1.841796875,102.56,2.229,225.99
5.75,63.16,2392.0,77.0,95.0,1.841796875,102.56,2.229,228.05
5.81,64.0,2398.0,77.0,96.0,1.841796875,102.56,2.229,230.11
6.58,67.02,2398.0,78.0,96.0,1.77392578125,102.56,2.229,232.15
6.23,63.96,2398.0,76.0,96.0,1.77392578125,102.57,2.229,234.21
6.68,60.86,2392.0,77.0,96.0,1.7119140625,102.59,2.23,236.26
6.26,62.88,2398.0,79.0,96.0,1.7119140625,102.59,2.23,238.31
6.43,56.56,2392.0,77.0,96.0,1.7119140625,102.58,2.23,240.38
6.35,63.08,2392.0,77.0,96.0,1.65478515625,102.57,2.231,242.44
6.45,60.11,2392.0,79.0,96.0,1.65478515625,102.58,2.231,244.49
6.98,61.57,2398.0,78.0,96.0,1.60205078125,102.58,2.231,246.55
5.88,60.8,2392.0,78.0,96.0,1.60205078125,102.59,2.231,248.61
6.04,59.93,2398.0,77.0,96.0,1.60205078125,102.58,2.232,250.68
6.62,64.49,2398.0,76.0,96.0,1.5537109375,102.58,2.232,252.74
6.38,59.21,2398.0,77.0,96.0,1.5537109375,102.58,2.232,254.8
6.46,59.78,2398.0,77.0,96.0,1.50927734375,102.57,2.232,256.93
6.59,57.24,2385.0,78.0,96.0,1.50927734375,102.58,2.232,259.0
5.74,61.31,2392.0,80.0,96.0,1.46826171875,102.58,2.233,261.1
5.9,61.08,2385.0,78.0,96.0,1.46826171875,102.58,2.233,263.16
6.78,61.0,2392.0,79.0,96.0,1.46826171875,102.58,2.233,265.22
6.13,62.81,2398.0,78.0,96.0,1.4306640625,102.58,2.234,267.28
5.61,60.85,2405.0,73.0,94.0,1.4306640625,102.58,2.234,269.34
6.28,61.56,2392.0,79.0,96.0,1.39599609375,102.59,2.234,271.4
6.86,64.41,2398.0,73.0,94.0,1.39599609375,102.59,2.234,273.46
7.19,65.32,2405.0,74.0,94.0,1.39599609375,102.58,2.234,275.52
7.34,61.35,2398.0,77.0,96.0,1.44482421875,102.57,2.235,277.58
7.46,68.13,2392.0,78.0,96.0,1.44482421875,102.57,2.235,279.63
7.53,59.04,2392.0,75.0,96.0,1.4091796875,102.57,2.235,281.69
6.8,68.92,2398.0,80.0,96.0,1.4091796875,102.56,2.236,283.8
6.47,63.31,2392.0,78.0,96.0,1.3759765625,102.56,2.236,285.84
5.88,61.53,2392.0,78.0,94.0,1.3759765625,102.56,2.236,287.9
6.3,62.33,2392.0,81.0,96.0,1.3759765625,102.56,2.236,289.95
6.03,59.07,2398.0,77.0,96.0,1.345703125,102.56,2.236,292.0
5.9,60.3,2385.0,78.0,96.0,1.345703125,102.58,2.237,294.08
7.09,61.13,2398.0,80.0,96.0,1.31787109375,102.58,2.237,296.21
6.3,63.25,2392.0,78.0,96.0,1.31787109375,102.58,2.237,298.27
5.85,64.03,2398.0,78.0,96.0,1.31787109375,102.57,2.237,300.32
5.71,61.09,2392.0,78.0,96.0,1.2919921875,102.58,2.238,302.37
5.68,61.41,2398.0,78.0,96.0,1.2919921875,102.58,2.238,304.42
5.95,64.11,2392.0,78.0,96.0,1.2685546875,102.57,2.238,306.55
5.64,62.12,2392.0,78.0,95.0,1.2685546875,102.58,2.238,308.6
5.86,64.84,2392.0,78.0,96.0,1.2685546875,102.57,2.239,310.66
5.79,60.88,2392.0,78.0,95.0,1.24658203125,102.58,2.239,312.71
5.54,64.04,2398.0,80.0,96.0,1.24658203125,102.58,2.239,314.77
5.8,63.05,2398.0,79.0,96.0,1.2265625,102.59,2.239,316.82
5.73,62.72,2398.0,78.0,96.0,1.2265625,102.58,2.24,318.88
5.69,61.78,2385.0,80.0,96.0,1.2080078125,102.58,2.24,320.93
5.74,63.44,2392.0,81.0,96.0,1.2080078125,102.58,2.24,322.98
5.71,64.8,2392.0,78.0,96.0,1.2080078125,102.57,2.24,325.04
5.77,64.23,2385.0,80.0,96.0,1.19091796875,102.56,2.241,327.09
5.61,68.23,2392.0,82.0,96.0,1.19091796875,102.56,2.241,329.15
5.69,68.37,2385.0,83.0,95.0,1.17529296875,102.06,2.236,331.21
5.64,64.0,2385.0,79.0,96.0,1.17529296875,102.06,2.236,333.26
5.73,69.41,2392.0,79.0,96.0,1.17529296875,102.06,2.236,335.31
5.71,63.97,2398.0,79.0,96.0,1.1611328125,102.06,2.236,337.38
5.81,64.24,2385.0,81.0,96.0,1.1611328125,102.06,2.237,339.43
5.85,60.99,2392.0,80.0,96.0,1.14794921875,102.05,2.237,341.48
5.7,62.73,2392.0,81.0,96.0,1.14794921875,102.05,2.237,343.56
5.77,64.19,2398.0,79.0,96.0,1.14794921875,102.05,2.238,345.62
5.77,63.14,2398.0,78.0,96.0,1.1357421875,102.06,2.238,347.68
5.63,61.41,2392.0,75.0,96.0,1.1357421875,102.06,2.238,349.74
5.89,61.04,2392.0,74.0,96.0,1.12451171875,102.06,2.239,351.84
5.79,64.64,2385.0,80.0,94.0,1.12451171875,102.06,2.239,353.9
6.21,64.28,2392.0,78.0,96.0,1.1142578125,102.06,2.239,355.95
5.85,60.88,2398.0,79.0,96.0,1.1142578125,102.06,2.239,358.09
5.63,61.43,2398.0,80.0,96.0,1.1142578125,102.05,2.24,360.16
5.69,59.94,2398.0,78.0,96.0,1.10498046875,102.05,2.24,362.21
5.72,60.8,2398.0,81.0,96.0,1.10498046875,102.05,2.24,364.31
5.77,65.64,2385.0,79.0,96.0,1.09619140625,102.05,2.24,366.37
5.55,62.22,2392.0,80.0,96.0,1.09619140625,102.05,2.24,368.42
5.78,63.37,2398.0,80.0,96.0,1.09619140625,102.04,2.24,370.47
5.76,68.61,2398.0,79.0,96.0,1.08837890625,102.05,2.241,372.53
5.75,61.3,2392.0,79.0,96.0,1.08837890625,102.05,2.241,374.59
5.88,66.08,2398.0,79.0,96.0,1.0810546875,102.05,2.241,376.7
5.71,62.14,2392.0,81.0,96.0,1.0810546875,102.05,2.241,378.75
5.74,65.72,2385.0,82.0,95.0,1.07421875,102.06,2.241,380.8
5.59,61.12,2385.0,80.0,95.0,1.07421875,102.06,2.241,382.85
5.75,63.53,2398.0,80.0,96.0,1.07421875,102.04,2.242,384.9
5.77,62.18,2398.0,80.0,96.0,1.06787109375,102.05,2.242,386.96
5.78,63.68,2392.0,80.0,96.0,1.06787109375,102.05,2.242,389.01
5.62,61.82,2392.0,75.0,96.0,1.06201171875,102.05,2.242,391.07
5.72,60.81,2392.0,80.0,96.0,1.06201171875,102.04,2.242,393.13
5.75,62.38,2398.0,75.0,96.0,1.06201171875,102.03,2.243,395.21
5.72,60.65,2392.0,80.0,96.0,1.056640625,102.03,2.243,397.26
5.74,65.99,2398.0,79.0,96.0,1.056640625,102.04,2.243,399.32
5.71,62.08,2385.0,81.0,96.0,1.0517578125,102.04,2.243,401.38
5.73,62.76,2398.0,80.0,96.0,1.0517578125,102.05,2.243,403.44
5.6,62.38,2392.0,80.0,96.0,1.0517578125,102.05,2.244,405.49
5.71,62.94,2398.0,80.0,96.0,1.04736328125,102.05,2.244,407.55
7.34,57.58,2385.0,80.0,96.0,1.04736328125,102.05,2.244,409.61
5.67,62.93,2385.0,81.0,96.0,1.04345703125,102.05,2.244,411.67
5.67,63.44,2392.0,80.0,96.0,1.04345703125,102.05,2.244,413.72
6.07,64.73,2392.0,82.0,94.0,1.04345703125,102.05,2.245,415.79
5.95,62.19,2398.0,78.0,96.0,1.1201171875,102.05,2.245,417.84
5.68,64.94,2392.0,80.0,96.0,1.1201171875,102.05,2.245,419.9
5.73,65.27,2398.0,81.0,96.0,1.1103515625,102.04,2.245,421.95
5.82,64.53,2392.0,82.0,96.0,1.1103515625,102.04,2.246,423.99
5.61,67.45,2398.0,80.0,96.0,1.10107421875,102.03,2.246,426.04
5.7,62.67,2385.0,81.0,96.0,1.10107421875,102.04,2.246,428.09
5.81,60.91,2398.0,79.0,96.0,1.10107421875,102.04,2.246,430.14
5.65,64.56,2398.0,82.0,94.0,1.0927734375,102.01,2.262,432.2
5.71,68.45,2398.0,80.0,93.0,1.0927734375,102.02,2.263,434.24
5.72,65.46,2398.0,80.0,96.0,1.0849609375,102.03,2.263,436.29
5.61,60.66,2398.0,79.0,96.0,1.0849609375,102.03,2.263,438.32
5.73,63.17,2392.0,82.0,96.0,1.0849609375,102.04,2.263,440.37
5.69,68.13,2392.0,83.0,96.0,1.078125,101.23,2.263,442.43
5.74,63.89,2398.0,79.0,96.0,1.078125,101.24,2.263,444.49
7.84,65.44,2392.0,80.0,96.0,1.07177734375,101.18,2.263,446.52
7.79,68.97,2392.0,80.0,96.0,1.07177734375,101.18,2.263,448.56
5.68,63.9,2398.0,80.0,96.0,1.07177734375,101.19,2.263,450.61
13.0,56.04,2398.0,79.0,96.0,1.06591796875,101.03,2.264,452.65
14.98,54.29,2398.0,78.0,96.0,1.06591796875,100.87,2.264,454.8
11.58,63.57,2398.0,79.0,96.0,1.14111328125,101.12,2.264,456.92
10.22,64.25,2392.0,80.0,95.0,1.14111328125,101.14,2.264,458.97
8.59,62.54,2398.0,81.0,96.0,1.2900390625,101.13,2.264,461.02
9.59,63.26,2392.0,81.0,96.0,1.2900390625,101.13,2.265,463.11
8.75,62.15,2398.0,79.0,96.0,1.2900390625,101.15,2.265,465.16
9.14,62.39,2392.0,81.0,96.0,1.42724609375,101.19,2.265,467.22
9.22,64.84,2398.0,81.0,95.0,1.42724609375,101.19,2.265,469.27
9.08,64.04,2385.0,82.0,96.0,1.55322265625,101.17,2.265,471.32
9.15,64.1,2398.0,81.0,96.0,1.55322265625,101.15,2.265,473.37
9.32,60.82,2398.0,81.0,96.0,1.55322265625,101.17,2.265,475.44
9.5,65.0,2385.0,83.0,96.0,1.58935546875,101.17,2.265,477.52
8.54,64.46,2398.0,81.0,96.0,1.58935546875,101.16,2.266,479.58
10.31,67.25,2385.0,85.0,95.0,1.62255859375,101.16,2.266,481.66
10.05,64.35,2405.0,81.0,94.0,1.62255859375,101.18,2.266,483.7
10.0,63.4,2392.0,81.0,96.0,1.62255859375,101.14,2.266,485.76
9.63,62.79,2385.0,81.0,96.0,1.65283203125,101.17,2.266,487.81
9.03,66.08,2398.0,83.0,96.0,1.65283203125,101.18,2.266,489.86
9.21,69.78,2398.0,81.0,96.0,1.8408203125,101.16,2.267,491.92
8.95,66.21,2398.0,81.0,93.0,1.8408203125,101.15,2.267,493.97
8.63,69.57,2398.0,81.0,96.0,1.85400390625,101.16,2.267,496.02
8.8,63.38,2398.0,78.0,96.0,1.85400390625,101.16,2.267,498.06
9.22,64.21,2385.0,82.0,96.0,1.85400390625,101.18,2.267,500.12
9.63,62.75,2405.0,80.0,94.0,1.86572265625,101.2,2.268,502.18
9.4,65.07,2398.0,77.0,95.0,1.86572265625,101.21,2.268,504.24
9.11,66.93,2392.0,81.0,94.0,1.876953125,101.19,2.268,506.3
9.42,63.41,2398.0,82.0,96.0,1.876953125,101.19,2.268,508.35
9.47,64.23,2398.0,83.0,96.0,1.876953125,101.18,2.268,510.4
8.71,67.4,2398.0,82.0,96.0,1.96728515625,101.18,2.268,512.45
10.26,68.34,2385.0,82.0,95.0,1.96728515625,101.16,2.268,514.5
8.98,63.26,2398.0,82.0,96.0,1.97021484375,101.15,2.269,516.54
9.77,61.83,2405.0,79.0,95.0,1.97021484375,101.17,2.269,518.6
9.76,68.68,2398.0,82.0,96.0,1.97021484375,101.18,2.269,520.66
9.49,62.44,2392.0,81.0,96.0,1.97265625,101.17,2.269,522.71
9.03,64.94,2398.0,83.0,96.0,1.97265625,101.19,2.269,524.77
9.7,63.74,2405.0,82.0,96.0,1.97509765625,101.12,2.269,526.81
10.7,68.88,2398.0,82.0,96.0,1.97509765625,101.09,2.269,528.87
6.72,64.43,2398.0,82.0,96.0,1.89697265625,101.12,2.27,530.92
5.82,64.0,2398.0,81.0,96.0,1.89697265625,101.16,2.27,532.99
5.63,65.96,2392.0,81.0,96.0,1.89697265625,101.18,2.27,535.04
6.22,63.94,2398.0,77.0,96.0,1.82470703125,101.19,2.27,537.1
5.8,68.21,2398.0,82.0,96.0,1.82470703125,101.19,2.27,539.16
5.96,70.48,2398.0,82.0,96.0,1.8388671875,101.22,2.269,541.22
5.83,64.17,2398.0,83.0,96.0,1.8388671875,101.22,2.27,543.28
5.88,64.28,2385.0,83.0,95.0,1.8388671875,101.22,2.27,545.34
5.67,66.43,2385.0,82.0,95.0,1.771484375,101.21,2.27,547.4
5.77,67.43,2398.0,84.0,96.0,1.771484375,101.2,2.27,549.45
5.72,65.08,2398.0,82.0,96.0,1.70947265625,101.22,2.271,551.5
5.7,65.45,2398.0,82.0,96.0,1.70947265625,101.21,2.271,553.57
5.73,67.31,2398.0,82.0,96.0,1.70947265625,101.22,2.271,555.62
5.77,66.1,2392.0,84.0,96.0,1.65234375,101.22,2.271,557.68
5.7,68.82,2398.0,82.0,96.0,1.65234375,101.22,2.271,559.73
5.68,67.5,2398.0,81.0,96.0,1.60009765625,101.22,2.271,561.77
5.79,66.4,2385.0,81.0,96.0,1.60009765625,101.21,2.272,563.82
5.63,66.69,2385.0,84.0,96.0,1.5517578125,101.21,2.272,565.88
5.85,63.27,2398.0,82.0,96.0,1.5517578125,101.22,2.272,567.94
5.8,65.54,2398.0,81.0,96.0,1.5517578125,101.22,2.272,570.0
5.78,64.33,2398.0,81.0,96.0,1.50732421875,101.38,2.272,572.05
6.01,65.96,2385.0,83.0,95.0,1.50732421875,101.37,2.272,574.13
5.7,68.9,2398.0,84.0,96.0,1.546875,101.37,2.272,576.18
5.79,68.03,2405.0,83.0,96.0,1.546875,101.37,2.273,578.22
5.56,67.96,2398.0,85.0,96.0,1.546875,101.37,2.273,580.28
5.61,65.45,2398.0,83.0,96.0,1.5029296875,101.37,2.273,582.31
5.77,64.5,2398.0,82.0,96.0,1.5029296875,101.38,2.273,584.37
5.72,68.86,2398.0,83.0,96.0,1.46240234375,101.38,2.273,586.43
5.7,67.31,2398.0,84.0,96.0,1.46240234375,101.37,2.273,588.48
5.73,69.65,2392.0,82.0,95.0,1.46240234375,101.36,2.273,590.53
5.76,67.48,2392.0,84.0,96.0,1.505859375,101.37,2.273,592.57
5.6,65.22,2398.0,83.0,96.0,1.505859375,101.37,2.273,594.62
6.39,64.53,2392.0,82.0,96.0,1.5458984375,101.37,2.273,596.75
5.78,66.46,2398.0,82.0,96.0,1.5458984375,101.38,2.273,598.8
5.73,64.64,2398.0,83.0,96.0,1.58251953125,101.38,2.274,600.84
5.73,67.76,2385.0,84.0,96.0,1.58251953125,101.37,2.274,602.91
5.65,64.49,2398.0,82.0,96.0,1.58251953125,101.37,2.274,604.95
5.83,67.52,2398.0,86.0,96.0,1.6162109375,101.37,2.274,607.08
5.71,63.78,2398.0,82.0,96.0,1.6162109375,101.37,2.274,609.15
5.65,65.64,2398.0,84.0,96.0,1.56640625,101.37,2.274,611.2
5.67,67.79,2398.0,82.0,96.0,1.56640625,101.37,2.274,613.25
5.75,71.12,2392.0,86.0,96.0,1.56640625,101.38,2.275,615.3
5.52,63.06,2398.0,81.0,96.0,1.52099609375,101.38,2.275,617.35
5.61,64.47,2398.0,82.0,96.0,1.52099609375,101.39,2.275,619.41
5.72,65.31,2405.0,82.0,96.0,1.47900390625,101.38,2.275,621.47
5.65,70.77,2385.0,82.0,94.0,1.47900390625,101.39,2.275,623.53
5.72,64.95,2392.0,83.0,96.0,1.47900390625,101.39,2.275,625.58
5.56,65.44,2398.0,84.0,96.0,1.4404296875,101.38,2.275,627.64
5.71,62.99,2398.0,82.0,96.0,1.4404296875,101.38,2.275,629.71
5.71,65.36,2392.0,83.0,96.0,1.40478515625,101.38,2.275,631.76
5.72,66.02,2385.0,84.0,96.0,1.40478515625,101.39,2.275,633.82
5.68,70.19,2398.0,83.0,96.0,1.3720703125,101.4,2.275,635.87
5.71,67.21,2398.0,78.0,94.0,1.3720703125,101.4,2.276,637.92
5.6,65.49,2405.0,79.0,94.0,1.3720703125,101.4,2.276,639.97
5.61,64.4,2398.0,83.0,96.0,1.341796875,101.4,2.276,642.02
5.67,65.13,2398.0,84.0,96.0,1.341796875,101.4,2.276,644.09
5.78,65.21,2392.0,85.0,96.0,1.31396484375,101.4,2.276,646.15
5.71,65.18,2398.0,82.0,96.0,1.31396484375,101.39,2.276,648.21
5.65,64.74,2398.0,83.0,96.0,1.31396484375,101.4,2.276,650.26
5.81,64.72,2392.0,82.0,95.0,1.28857421875,101.4,2.277,652.34
5.78,65.5,2398.0,78.0,96.0,1.28857421875,101.39,2.277,654.39
5.87,68.56,2398.0,83.0,96.0,1.26513671875,101.39,2.277,656.44
5.81,67.77,2398.0,82.0,96.0,1.26513671875,101.39,2.277,658.48
5.77,67.48,2405.0,80.0,96.0,1.26513671875,101.39,2.277,660.54
5.69,65.72,2385.0,82.0,96.0,1.24365234375,101.38,2.277,662.58
5.59,64.2,2385.0,83.0,96.0,1.24365234375,101.38,2.278,664.64
5.7,67.91,2398.0,84.0,96.0,1.3046875,101.38,2.278,666.7
5.78,66.43,2398.0,83.0,96.0,1.3046875,101.39,2.278,668.75
5.69,64.06,2398.0,84.0,96.0,1.3046875,101.37,2.278,670.81
5.56,65.79,2392.0,83.0,96.0,1.36083984375,101.37,2.278,672.87
5.82,66.89,2398.0,78.0,95.0,1.36083984375,101.37,2.278,674.93
5.67,68.22,2398.0,85.0,96.0,1.33154296875,101.38,2.278,676.99
5.68,67.19,2392.0,84.0,96.0,1.33154296875,101.38,2.278,679.03
5.52,69.51,2398.0,85.0,96.0,1.3046875,101.39,2.278,681.09
5.61,68.27,2398.0,83.0,96.0,1.3046875,101.39,2.278,683.14
5.62,67.4,2398.0,83.0,96.0,1.3046875,101.39,2.279,685.19
5.61,65.85,2398.0,83.0,94.0,1.2802734375,101.39,2.279,687.25
5.74,67.74,2392.0,83.0,96.0,1.2802734375,101.39,2.279,689.3
5.57,66.71,2398.0,82.0,95.0,1.2578125,101.4,2.279,691.35
5.71,65.63,2398.0,84.0,96.0,1.2578125,101.4,2.279,693.4
5.75,63.95,2398.0,82.0,96.0,1.2578125,101.4,2.279,695.46
5.66,70.27,2398.0,83.0,96.0,1.23681640625,101.4,2.279,697.53
5.66,64.83,2398.0,83.0,96.0,1.23681640625,101.39,2.28,699.58
5.77,65.44,2398.0,83.0,96.0,1.29833984375,101.39,2.28,701.64
5.66,66.06,2392.0,85.0,96.0,1.29833984375,101.4,2.28,703.7
5.59,70.31,2398.0,84.0,96.0,1.29833984375,101.39,2.28,705.76
5.7,68.02,2392.0,86.0,96.0,1.2744140625,101.39,2.28,707.82
5.64,67.56,2398.0,83.0,96.0,1.2744140625,101.38,2.28,709.88
5.7,63.19,2398.0,82.0,96.0,1.251953125,101.37,2.28,711.93
5.73,66.23,2398.0,83.0,96.0,1.251953125,101.38,2.28,714.02
5.57,66.04,2385.0,84.0,96.0,1.2314453125,101.38,2.28,716.09
6.27,67.76,2385.0,86.0,96.0,1.2314453125,101.38,2.281,718.14
5.75,64.85,2385.0,83.0,96.0,1.2314453125,101.38,2.281,720.2
5.77,64.26,2398.0,83.0,96.0,1.212890625,101.38,2.281,722.26
5.61,64.24,2405.0,83.0,96.0,1.212890625,101.4,2.281,724.35
5.63,63.59,2398.0,84.0,96.0,1.19580078125,101.39,2.281,726.41
5.74,65.89,2398.0,83.0,96.0,1.19580078125,101.4,2.281,728.47
5.7,66.08,2392.0,83.0,96.0,1.19580078125,101.39,2.281,730.53
5.59,65.07,2398.0,84.0,96.0,1.1796875,101.39,2.282,732.58
5.71,72.42,2398.0,83.0,96.0,1.1796875,101.4,2.282,734.65
5.74,68.68,2398.0,83.0,96.0,1.1650390625,101.4,2.282,736.7
5.73,64.31,2398.0,82.0,96.0,1.1650390625,101.4,2.282,738.75
5.65,65.05,2398.0,83.0,96.0,1.1650390625,101.39,2.282,740.81
5.81,67.0,2405.0,78.0,95.0,1.1513671875,101.39,2.282,742.86
5.71,67.67,2398.0,82.0,93.0,1.1513671875,101.39,2.282,744.93
5.62,67.65,2392.0,83.0,96.0,1.13916015625,101.39,2.282,746.99
5.67,64.62,2398.0,83.0,96.0,1.13916015625,101.39,2.282,749.04
5.7,69.69,2398.0,85.0,96.0,1.20849609375,101.38,2.282,751.1
5.81,65.76,2392.0,84.0,96.0,1.20849609375,101.37,2.282,753.16
5.67,71.76,2398.0,83.0,96.0,1.20849609375,101.37,2.283,755.22
5.73,69.9,2398.0,84.0,96.0,1.27197265625,101.37,2.283,757.28
5.75,65.1,2398.0,84.0,96.0,1.27197265625,101.38,2.283,759.33
5.7,70.32,2398.0,85.0,96.0,1.33056640625,101.38,2.283,761.39
5.68,65.82,2398.0,83.0,93.0,1.33056640625,101.38,2.283,763.45
5.74,64.56,2398.0,83.0,96.0,1.33056640625,101.38,2.283,765.51
5.67,66.71,2398.0,84.0,96.0,1.3037109375,101.39,2.283,767.57
5.64,65.37,2405.0,78.0,96.0,1.3037109375,101.39,2.283,769.63
5.77,66.03,2392.0,83.0,96.0,1.279296875,101.39,2.283,771.68
5.81,64.38,2398.0,82.0,96.0,1.279296875,101.38,2.283,773.74
5.84,66.65,2385.0,82.0,96.0,1.279296875,101.38,2.283,775.81
6.06,63.86,2398.0,84.0,96.0,1.33740234375,101.37,2.283,777.86
5.72,63.33,2398.0,83.0,96.0,1.33740234375,101.38,2.283,779.92
5.73,63.63,2398.0,83.0,96.0,1.31005859375,101.39,2.283,781.99
5.64,69.82,2385.0,86.0,96.0,1.31005859375,101.39,2.284,784.05
5.55,66.17,2405.0,82.0,96.0,1.28515625,101.39,2.284,786.11
5.77,68.9,2398.0,83.0,96.0,1.28515625,101.39,2.284,788.16
5.7,64.32,2405.0,84.0,96.0,1.28515625,101.39,2.284,790.22
5.74,64.08,2398.0,79.0,96.0,1.26220703125,101.39,2.284,792.29
5.52,65.15,2398.0,84.0,96.0,1.26220703125,101.39,2.284,794.35
5.72,67.67,2398.0,82.0,96.0,1.24072265625,101.39,2.284,796.4
5.73,67.54,2398.0,85.0,96.0,1.24072265625,101.39,2.284,798.46
5.77,67.46,2398.0,84.0,96.0,1.24072265625,101.38,2.284,800.51
5.61,69.03,2398.0,83.0,94.0,1.22119140625,101.37,2.284,802.57
5.69,67.48,2392.0,85.0,94.0,1.22119140625,101.37,2.284,804.62
5.7,68.03,2398.0,84.0,96.0,1.203125,101.37,2.284,806.68
5.61,67.43,2398.0,83.0,96.0,1.203125,101.37,2.285,808.74
5.71,72.88,2398.0,83.0,96.0,1.203125,101.38,2.285,810.78
5.65,65.05,2398.0,83.0,96.0,1.1865234375,101.37,2.285,812.82
5.73,66.1,2398.0,79.0,95.0,1.1865234375,101.36,2.285,814.87
5.64,66.88,2398.0,84.0,96.0,1.251953125,101.37,2.285,816.95
5.68,67.32,2392.0,83.0,96.0,1.251953125,101.38,2.285,819.0
5.75,72.49,2392.0,84.0,96.0,1.2314453125,101.38,2.285,821.06
5.7,72.45,2385.0,83.0,96.0,1.2314453125,101.38,2.285,823.11
5.53,70.9,2392.0,83.0,96.0,1.2314453125,101.37,2.285,825.16
5.71,63.67,2398.0,79.0,96.0,1.212890625,101.38,2.285,827.21
5.79,65.0,2398.0,83.0,96.0,1.212890625,101.37,2.285,829.28
5.65,66.38,2398.0,83.0,96.0,1.19580078125,101.37,2.285,831.34
5.59,67.88,2398.0,83.0,96.0,1.19580078125,101.38,2.286,833.39
5.59,69.31,2385.0,85.0,95.0,1.19580078125,101.37,2.286,835.44
6.12,66.38,2392.0,86.0,96.0,1.1796875,101.38,2.286,837.49
5.69,63.28,2398.0,82.0,96.0,1.1796875,101.37,2.286,839.54
5.88,69.34,2385.0,82.0,95.0,1.1650390625,101.37,2.286,841.67
5.57,66.29,2398.0,82.0,96.0,1.1650390625,101.37,2.286,843.73
5.66,70.98,2398.0,81.0,93.0,1.1650390625,101.37,2.286,845.78
5.71,68.55,2398.0,85.0,96.0,1.1513671875,101.37,2.286,847.83
5.58,63.34,2398.0,82.0,96.0,1.1513671875,101.36,2.286,849.87
5.77,69.14,2398.0,82.0,96.0,1.13916015625,101.37,2.286,851.94
5.74,66.59,2385.0,82.0,96.0,1.13916015625,101.37,2.286,853.99
5.72,65.53,2398.0,78.0,95.0,1.1279296875,101.38,2.286,856.05
5.68,66.21,2398.0,84.0,96.0,1.1279296875,101.38,2.287,858.11
5.83,69.35,2398.0,83.0,96.0,1.1279296875,101.38,2.287,860.16
5.67,63.24,2398.0,82.0,96.0,1.11767578125,101.38,2.287,862.21
5.69,62.43,2398.0,84.0,96.0,1.11767578125,101.38,2.287,864.27
5.59,65.8,2398.0,82.0,96.0,1.2685546875,101.38,2.287,866.33
5.69,64.04,2398.0,81.0,96.0,1.2685546875,101.37,2.287,868.39
5.91,65.37,2385.0,83.0,94.0,1.2685546875,101.37,2.287,870.52
5.76,62.9,2398.0,81.0,96.0,1.24658203125,101.37,2.286,872.57
5.86,67.72,2405.0,83.0,96.0,1.24658203125,101.37,2.286,874.7
5.67,65.8,2392.0,83.0,96.0,1.2265625,101.38,2.286,876.75
5.73,65.16,2398.0,83.0,96.0,1.2265625,101.38,2.286,878.8
5.74,67.14,2392.0,84.0,96.0,1.2265625,101.38,2.286,880.85
5.65,65.74,2398.0,82.0,96.0,1.28857421875,101.38,2.287,882.9
5.73,64.03,2398.0,82.0,96.0,1.28857421875,101.38,2.287,884.96
5.68,70.96,2398.0,83.0,96.0,1.26513671875,101.38,2.287,887.02
5.72,65.57,2398.0,77.0,95.0,1.26513671875,101.37,2.287,889.08
5.64,65.82,2398.0,82.0,96.0,1.24365234375,101.36,2.287,891.14
5.74,64.85,2392.0,83.0,96.0,1.24365234375,101.37,2.287,893.19
5.8,64.61,2392.0,82.0,96.0,1.24365234375,101.36,2.286,895.24
6.01,65.11,2398.0,81.0,94.0,1.22412109375,101.37,2.287,897.3
5.74,63.01,2405.0,78.0,96.0,1.22412109375,101.37,2.287,899.35
5.83,64.89,2398.0,81.0,96.0,1.2060546875,101.39,2.287,901.41
5.67,66.14,2392.0,82.0,96.0,1.2060546875,101.38,2.287,903.47
5.62,64.74,2405.0,77.0,96.0,1.2060546875,101.38,2.287,905.53
5.77,66.78,2385.0,83.0,96.0,1.189453125,101.38,2.288,907.59
5.65,64.68,2398.0,82.0,94.0,1.189453125,101.38,2.288,909.63
5.59,66.53,2392.0,83.0,96.0,1.25439453125,101.38,2.288,911.69
5.66,62.79,2398.0,81.0,96.0,1.25439453125,101.39,2.288,913.74
5.72,67.5,2392.0,82.0,95.0,1.25439453125,101.38,2.288,915.85
5.75,66.0,2385.0,83.0,96.0,1.23388671875,101.39,2.288,917.9
5.74,71.45,2398.0,81.0,96.0,1.23388671875,101.39,2.288,919.95
5.57,64.46,2398.0,83.0,96.0,1.21484375,101.39,2.288,922.0
5.69,66.01,2398.0,81.0,96.0,1.21484375,101.39,2.288,924.05
5.71,64.98,2385.0,81.0,96.0,1.197265625,101.38,2.288,926.11
5.66,67.18,2398.0,80.0,96.0,1.197265625,101.36,2.288,928.16
5.61,68.47,2398.0,83.0,96.0,1.197265625,101.37,2.288,930.21
5.71,66.48,2405.0,81.0,94.0,1.26171875,101.37,2.288,932.25
5.71,64.04,2385.0,82.0,96.0,1.26171875,101.38,2.288,934.31
5.57,64.77,2398.0,79.0,95.0,1.24072265625,101.37,2.289,936.36
5.78,66.87,2398.0,81.0,96.0,1.24072265625,101.37,2.289,938.41
5.75,64.08,2398.0,81.0,96.0,1.24072265625,101.36,2.289,940.46
5.68,62.79,2392.0,82.0,96.0,1.22119140625,101.36,2.289,942.51
5.51,66.56,2398.0,82.0,96.0,1.22119140625,101.36,2.289,944.56
5.67,67.14,2398.0,83.0,94.0,1.203125,101.37,2.289,946.62
5.81,66.14,2398.0,76.0,96.0,1.203125,101.38,2.289,948.68
5.72,60.99,2398.0,80.0,96.0,1.203125,101.38,2.289,950.75
5.64,64.09,2392.0,81.0,95.0,1.1865234375,101.38,2.289,952.81
5.7,64.75,2398.0,76.0,96.0,1.1865234375,101.38,2.289,954.87
5.84,72.39,2398.0,81.0,96.0,1.17138671875,101.38,2.289,956.93
5.95,64.96,2398.0,81.0,96.0,1.17138671875,101.39,2.289,958.98
5.62,63.76,2398.0,80.0,96.0,1.1572265625,101.39,2.289,961.04
5.77,66.86,2398.0,80.0,96.0,1.1572265625,101.38,2.289,963.09
5.8,65.57,2398.0,84.0,96.0,1.1572265625,101.39,2.29,965.14
5.65,65.07,2392.0,81.0,96.0,1.14453125,101.39,2.29,967.19
5.61,66.18,2398.0,81.0,96.0,1.14453125,101.4,2.29,969.25
5.7,63.0,2398.0,76.0,95.0,1.1328125,101.39,2.29,971.3
5.75,65.89,2398.0,80.0,96.0,1.1328125,101.4,2.29,973.36
5.64,64.14,2398.0,78.0,95.0,1.1328125,101.4,2.289,975.42
5.65,70.14,2398.0,79.0,96.0,1.1220703125,101.39,2.289,977.47
5.75,64.13,2385.0,83.0,96.0,1.1220703125,101.38,2.29,979.53
5.7,66.58,2398.0,81.0,96.0,1.11181640625,101.38,2.29,981.58
5.67,64.07,2398.0,80.0,96.0,1.11181640625,101.38,2.29,983.65
5.7,66.53,2398.0,81.0,96.0,1.11181640625,101.37,2.29,985.71
5.7,64.95,2398.0,80.0,96.0,1.18310546875,101.39,2.29,987.76
5.7,65.56,2398.0,76.0,96.0,1.18310546875,101.38,2.29,989.81
5.57,65.91,2392.0,83.0,95.0,1.16796875,101.39,2.29,991.86
5.68,61.93,2398.0,76.0,96.0,1.16796875,101.38,2.29,993.91
5.83,64.3,2398.0,80.0,96.0,1.154296875,101.38,2.29,996.03
5.74,66.9,2385.0,82.0,96.0,1.154296875,101.39,2.29,998.08
5.57,62.37,2385.0,81.0,96.0,1.154296875,101.38,2.29,1000.13
5.69,63.09,2398.0,76.0,94.0,1.1416015625,101.38,2.29,1002.19
5.74,63.22,2392.0,81.0,96.0,1.1416015625,101.37,2.29,1004.25
5.75,66.71,2392.0,83.0,96.0,1.1298828125,101.38,2.29,1006.31
5.68,66.33,2385.0,80.0,96.0,1.1298828125,101.38,2.29,1008.35
5.68,65.16,2398.0,83.0,96.0,1.1298828125,101.39,2.29,1010.41
5.7,64.56,2392.0,83.0,96.0,1.119140625,101.39,2.291,1012.46
5.62,64.47,2398.0,80.0,96.0,1.119140625,101.39,2.291,1014.51
5.66,63.71,2385.0,80.0,95.0,1.109375,101.39,2.291,1016.57
6.28,64.33,2398.0,82.0,96.0,1.109375,101.38,2.291,1018.63
5.76,67.74,2392.0,81.0,96.0,1.109375,101.38,2.291,1020.7
5.59,64.31,2398.0,80.0,96.0,1.1005859375,101.38,2.291,1022.75
5.69,65.97,2392.0,80.0,95.0,1.1005859375,101.36,2.291,1024.81
5.63,66.76,2398.0,82.0,96.0,1.09228515625,101.37,2.291,1026.87
5.7,62.04,2398.0,79.0,96.0,1.09228515625,101.37,2.29,1028.92
5.66,60.98,2392.0,80.0,96.0,1.08447265625,101.38,2.291,1030.98
5.75,66.14,2392.0,80.0,96.0,1.08447265625,101.38,2.291,1033.04
5.67,62.99,2398.0,80.0,96.0,1.08447265625,101.37,2.291,1035.11
5.69,64.62,2392.0,82.0,96.0,1.07763671875,101.37,2.291,1037.16
5.52,64.57,2392.0,80.0,96.0,1.07763671875,101.38,2.291,1039.2
5.71,57.58,2392.0,80.0,96.0,1.0712890625,101.39,2.294,1041.25
5.79,63.13,2392.0,80.0,96.0,1.0712890625,101.38,2.294,1043.32
5.8,66.49,2392.0,79.0,96.0,1.0712890625,101.37,2.294,1045.4
5.58,64.95,2392.0,82.0,96.0,1.14599609375,101.37,2.294,1047.45
5.8,62.48,2398.0,80.0,96.0,1.14599609375,101.38,2.294,1049.51
5.7,62.4,2398.0,79.0,96.0,1.13427734375,101.39,2.294,1051.58
5.74,63.83,2398.0,82.0,96.0,1.13427734375,101.37,2.291,1053.63
5.61,62.12,2398.0,79.0,96.0,1.13427734375,101.37,2.292,1055.69
5.69,60.3,2398.0,82.0,96.0,1.123046875,101.37,2.292,1057.76
5.77,68.24,2398.0,83.0,96.0,1.123046875,101.36,2.292,1059.85
5.65,63.0,2398.0,76.0,96.0,1.11279296875,101.35,2.292,1061.9
5.6,62.12,2392.0,81.0,96.0,1.11279296875,101.34,2.292,1063.95
5.63,63.22,2398.0,80.0,95.0,1.103515625,101.36,2.292,1066.01
5.99,65.06,2392.0,80.0,96.0,1.103515625,101.38,2.292,1068.15
5.76,62.14,2392.0,76.0,96.0,1.103515625,101.39,2.292,1070.2
5.62,60.26,2398.0,79.0,96.0,1.09521484375,101.39,2.292,1072.26
5.59,65.7,2398.0,84.0,96.0,1.09521484375,101.38,2.292,1074.33
5.7,67.63,2385.0,79.0,95.0,1.08740234375,101.39,2.292,1076.39
6.29,63.59,2392.0,82.0,96.0,1.08740234375,101.39,2.292,1078.44
5.68,65.83,2398.0,76.0,96.0,1.08740234375,101.39,2.292,1080.48
5.58,63.6,2398.0,79.0,96.0,1.080078125,101.39,2.292,1082.54
5.7,63.9,2398.0,79.0,96.0,1.080078125,101.4,2.292,1084.58
5.59,60.86,2398.0,79.0,96.0,1.0732421875,101.4,2.292,1086.62
5.85,63.41,2392.0,79.0,96.0,1.0732421875,101.4,2.292,1088.73
5.68,62.8,2398.0,75.0,95.0,1.0732421875,101.4,2.292,1090.79
5.73,67.46,2398.0,79.0,96.0,1.1474609375,101.4,2.292,1092.84
5.65,60.65,2392.0,79.0,96.0,1.1474609375,101.4,2.292,1094.88
5.63,62.97,2398.0,79.0,94.0,1.13525390625,101.4,2.293,1096.95
5.67,60.9,2392.0,79.0,96.0,1.13525390625,101.4,2.293,1099.01
5.71,67.88,2398.0,82.0,96.0,1.1240234375,101.39,2.293,1101.07
5.72,65.68,2398.0,77.0,95.0,1.1240234375,101.4,2.293,1103.11
5.54,65.78,2398.0,79.0,96.0,1.1240234375,101.4,2.293,1105.15
5.74,63.17,2392.0,79.0,96.0,1.11376953125,101.4,2.293,1107.2
5.66,64.14,2398.0,78.0,96.0,1.11376953125,101.39,2.293,1109.25
5.65,63.33,2385.0,81.0,96.0,1.1044921875,101.39,2.293,1111.29
5.65,61.81,2392.0,79.0,96.0,1.1044921875,101.39,2.293,1113.33
5.81,64.0,2392.0,82.0,96.0,1.1044921875,101.39,2.293,1115.43
5.63,66.7,2398.0,79.0,96.0,1.095703125,101.39,2.293,1117.48
5.55,64.82,2398.0,79.0,96.0,1.095703125,101.39,2.293,1119.52
5.63,65.37,2398.0,75.0,96.0,1.087890625,101.4,2.293,1121.56
5.62,64.05,2398.0,80.0,96.0,1.087890625,101.4,2.293,1123.63
5.77,63.53,2398.0,80.0,96.0,1.087890625,101.4,2.293,1125.67
5.58,65.74,2392.0,79.0,96.0,1.08056640625,101.4,2.293,1127.73
5.65,64.57,2398.0,79.0,96.0,1.08056640625,101.4,2.293,1129.79
5.64,65.12,2398.0,80.0,96.0,1.07373046875,101.38,2.293,1131.83
5.69,64.44,2398.0,80.0,96.0,1.07373046875,101.38,2.293,1133.88
5.63,63.42,2398.0,75.0,95.0,1.07373046875,101.38,2.293,1135.93
5.89,63.02,2392.0,79.0,96.0,1.14794921875,101.37,2.293,1137.99
5.79,63.81,2398.0,79.0,96.0,1.14794921875,101.37,2.293,1140.04
5.71,61.48,2385.0,80.0,96.0,1.1357421875,101.37,2.293,1142.09
5.62,65.6,2398.0,81.0,96.0,1.1357421875,101.37,2.293,1144.15
5.72,63.11,2398.0,80.0,96.0,1.12451171875,101.38,2.294,1146.18
5.76,63.36,2392.0,79.0,96.0,1.12451171875,101.38,2.294,1148.25
5.62,62.96,2398.0,75.0,95.0,1.12451171875,101.38,2.294,1150.29
5.56,61.83,2398.0,80.0,94.0,1.1142578125,101.38,2.294,1152.35
5.68,61.57,2398.0,76.0,95.0,1.1142578125,101.38,2.294,1154.41
5.65,64.71,2398.0,79.0,96.0,1.10498046875,101.38,2.294,1156.47
5.68,64.53,2398.0,79.0,94.0,1.10498046875,101.38,2.294,1158.52
5.56,65.81,2392.0,81.0,96.0,1.10498046875,101.39,2.294,1160.56
5.63,63.87,2392.0,80.0,96.0,1.09619140625,101.38,2.294,1162.61
5.69,62.32,2392.0,79.0,96.0,1.09619140625,101.38,2.293,1164.67
5.7,64.38,2398.0,79.0,96.0,1.08837890625,101.39,2.294,1166.73
5.65,65.14,2398.0,79.0,96.0,1.08837890625,101.37,2.294,1168.79
5.48,61.5,2398.0,75.0,96.0,1.08837890625,101.37,2.294,1170.84
5.77,66.11,2398.0,79.0,96.0,1.16162109375,101.36,2.294,1172.9
5.78,62.16,2398.0,75.0,96.0,1.16162109375,101.36,2.294,1174.97
5.79,63.83,2392.0,79.0,94.0,1.1484375,101.36,2.294,1177.03
5.64,64.54,2398.0,79.0,96.0,1.1484375,101.37,2.295,1179.07
5.68,62.37,2385.0,79.0,96.0,1.13623046875,101.38,2.295,1181.12
5.67,64.69,2385.0,81.0,96.0,1.13623046875,101.38,2.295,1183.18
5.59,63.67,2392.0,79.0,96.0,1.13623046875,101.37,2.295,1185.23
5.63,60.81,2392.0,76.0,95.0,1.125,101.38,2.295,1187.28
5.81,66.37,2398.0,81.0,96.0,1.125,101.38,2.295,1189.35
5.68,61.57,2392.0,78.0,94.0,1.11474609375,101.38,2.294,1191.4
5.59,60.7,2392.0,78.0,96.0,1.11474609375,101.38,2.294,1193.46
5.68,63.14,2385.0,80.0,96.0,1.11474609375,101.38,2.294,1195.51
5.67,64.55,2398.0,79.0,96.0,1.18603515625,101.37,2.295,1197.56
6.24,63.69,2392.0,82.0,96.0,1.18603515625,101.37,2.295,1199.61
5.52,59.75,2385.0,79.0,96.0,1.1708984375,101.37,2.295,1201.67
5.91,61.79,2385.0,79.0,96.0,1.1708984375,101.37,2.295,1203.77
5.69,61.85,2392.0,79.0,94.0,1.1708984375,101.37,2.295,1205.83
5.72,63.57,2398.0,78.0,96.0,1.15673828125,101.38,2.295,1207.88
5.57,63.07,2398.0,75.0,96.0,1.15673828125,101.38,2.295,1209.92
5.78,63.66,2392.0,79.0,96.0,1.14404296875,101.39,2.295,1211.99
5.68,64.06,2392.0,75.0,96.0,1.14404296875,101.39,2.295,1214.03
5.7,61.96,2392.0,79.0,94.0,1.13232421875,101.39,2.294,1216.08
5.71,63.62,2398.0,75.0,96.0,1.13232421875,101.39,2.294,1218.15
5.85,61.05,2392.0,79.0,93.0,1.13232421875,101.39,2.295,1220.2
5.65,61.51,2385.0,79.0,96.0,1.12158203125,101.38,2.295,1222.25
5.57,64.9,2398.0,79.0,96.0,1.12158203125,101.38,2.295,1224.3
5.67,62.91,2398.0,79.0,96.0,1.11181640625,101.37,2.295,1226.34
5.63,62.27,2392.0,81.0,96.0,1.11181640625,101.38,2.295,1228.38
5.65,67.48,2398.0,79.0,96.0,1.11181640625,101.38,2.295,1230.43
5.51,68.77,2398.0,79.0,96.0,1.1025390625,101.36,2.295,1232.47
5.75,61.9,2392.0,78.0,94.0,1.1025390625,101.37,2.295,1234.52
5.78,61.3,2398.0,78.0,96.0,1.09423828125,101.36,2.295,1236.57
5.68,61.95,2398.0,80.0,96.0,1.09423828125,101.36,2.295,1238.62
5.71,61.45,2398.0,75.0,95.0,1.09423828125,101.38,2.295,1240.67
5.62,64.31,2398.0,79.0,96.0,1.08642578125,101.38,2.295,1242.72
5.65,64.45,2398.0,79.0,96.0,1.08642578125,101.38,2.295,1244.76
5.61,62.69,2398.0,81.0,96.0,1.0791015625,101.38,2.295,1246.81
5.8,61.8,2392.0,79.0,96.0,1.0791015625,101.38,2.295,1248.86
5.74,60.38,2398.0,79.0,96.0,1.0791015625,101.38,2.296,1250.92
5.71,62.02,2398.0,80.0,96.0,1.07275390625,101.38,2.296,1252.97
5.63,64.88,2398.0,79.0,96.0,1.07275390625,101.38,2.296,1255.03
5.68,60.7,2385.0,78.0,95.0,1.06689453125,101.38,2.296,1257.08
6.07,62.07,2398.0,78.0,96.0,1.06689453125,101.39,2.296,1259.13
5.58,59.75,2398.0,78.0,96.0,1.0615234375,101.39,2.296,1261.19
5.73,61.99,2392.0,79.0,93.0,1.0615234375,101.38,2.296,1263.25
5.85,59.94,2398.0,79.0,96.0,1.0615234375,101.39,2.296,1265.36
5.73,59.71,2398.0,82.0,96.0,1.05615234375,101.39,2.295,1267.45
5.73,61.51,2392.0,78.0,95.0,1.05615234375,101.39,2.295,1269.51
5.61,61.66,2398.0,75.0,96.0,1.05126953125,101.38,2.295,1271.58
5.62,61.69,2398.0,79.0,96.0,1.05126953125,101.38,2.295,1273.63
5.86,64.99,2392.0,79.0,96.0,1.05126953125,101.36,2.296,1275.74
5.83,62.02,2392.0,78.0,96.0,1.046875,101.36,2.296,1277.8
5.75,70.16,2385.0,80.0,95.0,1.046875,101.35,2.296,1279.85
5.66,62.33,2398.0,78.0,96.0,1.04296875,101.35,2.296,1281.9
5.75,62.72,2392.0,79.0,96.0,1.04296875,101.37,2.296,1283.95
5.72,64.82,2398.0,82.0,93.0,1.11962890625,101.36,2.296,1286.01
5.56,66.69,2385.0,80.0,96.0,1.11962890625,101.37,2.296,1288.07
5.82,63.21,2392.0,80.0,96.0,1.11962890625,101.37,2.297,1290.11
5.8,63.19,2398.0,75.0,95.0,1.10986328125,101.37,2.296,1292.16
5.75,61.81,2392.0,78.0,96.0,1.10986328125,101.38,2.296,1294.23
5.47,63.14,2398.0,79.0,96.0,1.1005859375,101.38,2.296,1296.28
5.76,63.42,2398.0,75.0,95.0,1.1005859375,101.38,2.296,1298.34
5.76,66.6,2398.0,78.0,96.0,1.1005859375,101.38,2.296,1300.39
5.67,58.31,2392.0,78.0,96.0,1.09228515625,101.38,2.296,1302.45
5.76,57.25,2392.0,80.0,95.0,1.09228515625,101.38,2.296,1304.58
6.05,66.54,2398.0,78.0,96.0,1.08447265625,101.38,2.297,1306.71
5.78,61.74,2398.0,79.0,96.0,1.08447265625,101.36,2.297,1308.76
5.7,59.38,2398.0,78.0,96.0,1.08447265625,101.36,2.297,1310.81
5.57,65.72,2385.0,81.0,96.0,1.07763671875,101.36,2.297,1312.87
5.72,62.8,2398.0,81.0,96.0,1.07763671875,101.36,2.297,1314.93
5.68,60.29,2398.0,78.0,96.0,1.0712890625,101.37,2.297,1316.97
6.31,62.18,2392.0,79.0,96.0,1.0712890625,101.38,2.296,1319.09
5.55,65.01,2398.0,80.0,96.0,1.0654296875,101.38,2.296,1321.15
5.74,61.02,2392.0,79.0,96.0,1.0654296875,101.38,2.296,1323.19
5.75,61.31,2398.0,77.0,96.0,1.0654296875,101.37,2.297,1325.24
5.69,69.89,2392.0,78.0,96.0,1.06005859375,101.36,2.297,1327.29
5.55,64.43,2385.0,79.0,96.0,1.06005859375,101.36,2.297,1329.34
5.68,64.59,2398.0,78.0,96.0,1.05517578125,101.36,2.297,1331.39
5.66,62.49,2392.0,80.0,96.0,1.05517578125,101.37,2.297,1333.43
5.65,61.65,2398.0,80.0,96.0,1.05517578125,101.37,2.297,1335.49
5.66,60.04,2392.0,75.0,96.0,1.05029296875,101.37,2.297,1337.54
5.83,61.88,2398.0,81.0,96.0,1.05029296875,101.37,2.297,1339.61
5.72,62.81,2398.0,79.0,96.0,1.0458984375,101.37,2.297,1341.67
5.83,61.69,2385.0,79.0,95.0,1.0458984375,101.37,2.296,1343.8
5.65,63.01,2385.0,80.0,93.0,1.0458984375,101.38,2.297,1345.85
5.55,61.46,2398.0,79.0,96.0,1.0419921875,101.38,2.297,1347.9
5.92,64.45,2398.0,78.0,96.0,1.0419921875,101.37,2.297,1350.03
5.69,62.31,2398.0,78.0,96.0,1.03857421875,101.38,2.297,1352.08
5.55,67.18,2398.0,79.0,96.0,1.03857421875,101.38,2.297,1354.13
5.77,66.35,2398.0,80.0,96.0,1.03515625,101.38,2.297,1356.19
5.67,62.39,2405.0,80.0,96.0,1.03515625,101.38,2.297,1358.25
5.75,61.34,2392.0,78.0,96.0,1.03515625,101.38,2.297,1360.31
5.74,61.52,2392.0,78.0,96.0,1.0322265625,101.39,2.297,1362.41
5.94,66.38,2398.0,78.0,96.0,1.0322265625,101.39,2.297,1364.55
5.68,63.77,2398.0,79.0,96.0,1.029296875,101.37,2.297,1366.6
5.76,62.46,2392.0,78.0,96.0,1.029296875,101.37,2.297,1368.65
5.6,63.96,2385.0,78.0,93.0,1.029296875,101.36,2.297,1370.7
5.75,64.38,2398.0,77.0,96.0,1.02685546875,101.37,2.297,1372.75
5.77,60.53,2392.0,78.0,96.0,1.02685546875,101.38,2.297,1374.81
5.58,62.05,2398.0,80.0,96.0,1.0244140625,101.38,2.297,1376.87
6.21,60.75,2392.0,78.0,96.0,1.0244140625,101.38,2.297,1378.93
5.78,69.36,2398.0,78.0,96.0,1.02197265625,101.39,2.298,1381.02
5.74,62.42,2392.0,81.0,96.0,1.02197265625,101.39,2.298,1383.09
5.65,64.09,2392.0,82.0,96.0,1.02197265625,101.38,2.298,1385.14
5.63,62.13,2392.0,79.0,96.0,1.02001953125,101.39,2.298,1387.18
5.7,62.42,2398.0,79.0,96.0,1.02001953125,101.39,2.298,1389.23
5.73,62.03,2392.0,78.0,96.0,1.01806640625,101.39,2.298,1391.29
5.79,64.95,2398.0,82.0,96.0,1.01806640625,101.38,2.298,1393.42
5.64,60.8,2398.0,78.0,93.0,1.01806640625,101.4,2.298,1395.47
5.64,64.22,2398.0,78.0,96.0,1.0166015625,101.4,2.298,1397.52
5.7,62.59,2385.0,79.0,95.0,1.0166015625,101.4,2.298,1399.58
5.54,60.29,2392.0,75.0,96.0,1.01513671875,101.4,2.298,1401.63
5.75,61.4,2392.0,75.0,96.0,1.01513671875,101.4,2.298,1403.69
5.72,60.8,2398.0,79.0,96.0,1.01513671875,101.4,2.298,1405.75
5.72,61.54,2392.0,75.0,96.0,1.013671875,101.39,2.298,1407.81
5.59,60.44,2392.0,78.0,96.0,1.013671875,101.4,2.298,1409.87
5.74,69.93,2392.0,78.0,96.0,1.01220703125,101.4,2.298,1411.93
5.63,60.52,2392.0,76.0,96.0,1.01220703125,101.4,2.298,1413.98
6.06,57.58,2392.0,78.0,96.0,1.09130859375,101.4,2.298,1416.12
5.72,60.96,2398.0,79.0,94.0,1.09130859375,101.39,2.298,1418.19
5.69,62.66,2392.0,74.0,95.0,1.09130859375,101.39,2.298,1420.24
5.74,62.05,2385.0,78.0,96.0,1.16455078125,101.39,2.298,1422.3
5.77,64.28,2392.0,80.0,93.0,1.16455078125,101.38,2.298,1424.35
5.63,65.78,2385.0,82.0,96.0,1.23193359375,101.38,2.298,1426.4
5.76,61.1,2392.0,78.0,96.0,1.23193359375,101.37,2.298,1428.45
5.79,62.0,2398.0,78.0,96.0,1.23193359375,101.38,2.298,1430.5
5.56,65.76,2392.0,79.0,96.0,1.29345703125,101.38,2.298,1432.55
5.68,67.22,2398.0,78.0,96.0,1.29345703125,101.38,2.298,1434.61
5.73,61.11,2392.0,78.0,95.0,1.26953125,101.37,2.298,1436.65
5.7,63.08,2398.0,78.0,96.0,1.26953125,101.38,2.298,1438.71
6.45,67.32,2385.0,80.0,96.0,1.26953125,101.37,2.298,1440.76
5.7,61.66,2398.0,77.0,96.0,1.24755859375,101.37,2.298,1442.83
5.88,60.77,2392.0,79.0,96.0,1.24755859375,101.37,2.298,1444.88
5.66,63.98,2392.0,78.0,95.0,1.2275390625,101.37,2.298,1446.96
5.75,59.47,2398.0,77.0,96.0,1.2275390625,101.38,2.298,1449.01
5.76,61.66,2398.0,77.0,96.0,1.208984375,101.38,2.298,1451.07
5.74,64.87,2398.0,78.0,96.0,1.208984375,101.37,2.298,1453.13
5.62,60.84,2385.0,79.0,96.0,1.208984375,101.38,2.298,1455.19
5.7,56.62,2392.0,78.0,96.0,1.19189453125,101.4,2.299,1457.25
5.86,62.11,2392.0,78.0,96.0,1.19189453125,101.4,2.299,1459.35
5.6,62.74,2398.0,78.0,96.0,1.17626953125,101.39,2.299,1461.41
5.68,64.6,2392.0,78.0,96.0,1.17626953125,101.39,2.299,1463.46
5.8,61.91,2398.0,74.0,95.0,1.17626953125,101.39,2.299,1465.51
5.77,62.06,2398.0,79.0,94.0,1.162109375,101.39,2.299,1467.57
5.6,61.62,2392.0,78.0,96.0,1.162109375,101.39,2.298,1469.62
5.95,62.67,2392.0,78.0,96.0,1.14892578125,101.38,2.298,1471.76
5.65,65.04,2392.0,78.0,96.0,1.14892578125,101.38,2.299,1473.81
5.86,61.22,2398.0,81.0,96.0,1.14892578125,101.38,2.299,1475.93
5.6,67.88,2398.0,80.0,96.0,1.21728515625,101.39,2.299,1477.99
5.68,61.7,2398.0,78.0,96.0,1.21728515625,101.39,2.299,1480.04
5.77,63.71,2398.0,78.0,96.0,1.19970703125,101.37,2.299,1482.15
5.75,61.99,2398.0,79.0,95.0,1.19970703125,101.38,2.299,1484.21
5.72,58.1,2392.0,79.0,96.0,1.18359375,101.39,2.299,1486.28
5.63,61.91,2398.0,78.0,94.0,1.18359375,101.39,2.299,1488.33
5.73,64.81,2392.0,79.0,96.0,1.18359375,101.38,2.299,1490.39
5.67,60.63,2398.0,79.0,96.0,1.16845703125,101.38,2.299,1492.44
5.63,63.6,2398.0,75.0,95.0,1.16845703125,101.38,2.299,1494.5
5.62,61.58,2398.0,79.0,93.0,1.15478515625,101.39,2.299,1496.55
5.73,61.0,2398.0,80.0,96.0,1.15478515625,101.39,2.299,1498.6
6.07,63.26,2392.0,81.0,96.0,1.15478515625,101.4,2.299,1500.69
5.71,61.09,2398.0,74.0,96.0,1.14208984375,101.4,2.299,1502.74
5.65,66.75,2398.0,78.0,96.0,1.14208984375,101.4,2.299,1504.81
5.65,63.84,2385.0,82.0,96.0,1.2109375,101.41,2.299,1506.86
5.64,68.17,2398.0,79.0,96.0,1.2109375,101.4,2.299,1508.91
5.78,63.92,2385.0,80.0,96.0,1.2109375,101.39,2.299,1510.96
5.57,62.08,2392.0,78.0,96.0,1.2744140625,101.39,2.299,1513.0
5.78,65.26,2398.0,81.0,96.0,1.2744140625,101.38,2.299,1515.07
5.73,60.89,2398.0,78.0,96.0,1.251953125,101.38,2.299,1517.11
5.63,62.7,2385.0,79.0,96.0,1.251953125,101.38,2.299,1519.17
5.66,66.94,2398.0,77.0,96.0,1.2314453125,101.38,2.299,1521.23
5.78,62.45,2398.0,80.0,96.0,1.2314453125,101.39,2.299,1523.29
5.74,68.32,2398.0,78.0,96.0,1.2314453125,101.38,2.299,1525.35
5.56,65.63,2398.0,78.0,96.0,1.212890625,101.38,2.299,1527.4
5.68,61.55,2398.0,78.0,96.0,1.212890625,101.39,2.299,1529.46
5.7,60.85,2398.0,79.0,96.0,1.19580078125,101.39,2.299,1531.51
5.7,61.03,2392.0,78.0,96.0,1.19580078125,101.38,2.299,1533.57
5.75,65.82,2392.0,80.0,96.0,1.19580078125,101.39,2.3,1535.63
5.78,65.04,2398.0,78.0,96.0,1.1796875,101.4,2.3,1537.68
5.73,63.61,2398.0,78.0,96.0,1.1796875,101.4,2.3,1539.73
5.64,64.71,2385.0,82.0,96.0,1.24560546875,101.4,2.3,1541.79
5.51,62.73,2392.0,78.0,96.0,1.24560546875,101.4,2.3,1543.84
5.68,61.34,2398.0,74.0,96.0,1.24560546875,101.4,2.3,1545.9
5.61,64.33,2392.0,79.0,96.0,1.2255859375,101.4,2.3,1547.95
5.68,66.07,2392.0,78.0,96.0,1.2255859375,101.39,2.3,1550.0
5.57,61.63,2398.0,78.0,96.0,1.20751953125,101.41,2.3,1552.06
5.72,60.26,2392.0,79.0,96.0,1.20751953125,101.4,2.3,1554.12
5.86,63.34,2385.0,78.0,96.0,1.1904296875,101.4,2.3,1556.25
5.78,65.45,2392.0,79.0,96.0,1.1904296875,101.4,2.3,1558.3
5.96,61.98,2385.0,78.0,96.0,1.1904296875,101.4,2.3,1560.35
5.7,65.1,2385.0,80.0,96.0,1.1748046875,101.39,2.3,1562.41
5.73,63.42,2385.0,79.0,96.0,1.1748046875,101.39,2.3,1564.47
5.74,60.8,2392.0,78.0,96.0,1.16064453125,101.39,2.3,1566.53
5.62,61.08,2392.0,78.0,96.0,1.16064453125,101.39,2.3,1568.59
5.84,66.08,2398.0,80.0,96.0,1.16064453125,101.39,2.3,1570.69
5.66,61.75,2392.0,79.0,94.0,1.1474609375,101.38,2.3,1572.74
5.66,59.27,2398.0,78.0,96.0,1.1474609375,101.38,2.3,1574.78
5.9,62.99,2392.0,79.0,96.0,1.13525390625,101.38,2.3,1576.88
5.79,61.64,2392.0,80.0,96.0,1.13525390625,101.39,2.3,1578.93
5.71,59.3,2392.0,79.0,96.0,1.13525390625,101.39,2.3,1581.0
5.71,62.79,2392.0,78.0,95.0,1.20458984375,101.39,2.3,1583.07
5.62,64.23,2398.0,81.0,96.0,1.20458984375,101.38,2.299,1585.12
5.71,61.67,2392.0,78.0,94.0,1.18798828125,101.39,2.3,1587.16
5.76,66.08,2398.0,78.0,96.0,1.18798828125,101.38,2.3,1589.22
5.74,62.25,2398.0,78.0,94.0,1.25341796875,101.39,2.3,1591.27
5.59,64.21,2392.0,79.0,96.0,1.25341796875,101.38,2.3,1593.32
5.69,61.88,2385.0,78.0,96.0,1.25341796875,101.38,2.3,1595.37
5.7,62.81,2398.0,78.0,96.0,1.23291015625,101.38,2.3,1597.42
5.54,66.92,2392.0,78.0,96.0,1.23291015625,101.39,2.3,1599.47
5.71,63.51,2398.0,78.0,94.0,1.2138671875,101.39,2.3,1601.51
5.7,58.36,2392.0,78.0,96.0,1.2138671875,101.37,2.3,1603.55
5.73,62.75,2385.0,78.0,96.0,1.2138671875,101.37,2.3,1605.61
5.52,62.5,2398.0,78.0,96.0,1.1962890625,101.38,2.3,1607.66
5.7,59.09,2385.0,78.0,96.0,1.1962890625,101.4,2.3,1609.71
5.7,63.14,2385.0,79.0,96.0,1.18017578125,101.39,2.3,1611.75
5.6,63.4,2392.0,79.0,96.0,1.18017578125,101.4,2.3,1613.8
5.63,62.78,2385.0,78.0,95.0,1.18017578125,101.39,2.3,1615.85
5.59,64.68,2392.0,78.0,96.0,1.24609375,101.38,2.3,1617.9
5.99,62.96,2398.0,78.0,96.0,1.24609375,101.37,2.3,1619.95
5.6,62.84,2392.0,78.0,96.0,1.22607421875,101.38,2.3,1622.0
5.72,64.49,2398.0,80.0,96.0,1.22607421875,101.38,2.3,1624.05
5.7,62.99,2379.0,78.0,95.0,1.20751953125,101.38,2.3,1626.1
5.67,61.76,2398.0,80.0,96.0,1.20751953125,101.39,2.3,1628.14
5.65,60.89,2385.0,78.0,95.0,1.20751953125,101.39,2.3,1630.2
5.8,63.85,2398.0,78.0,96.0,1.1904296875,101.4,2.3,1632.28
5.73,65.47,2398.0,78.0,96.0,1.1904296875,101.4,2.3,1634.32
5.53,61.34,2398.0,78.0,96.0,1.1748046875,101.4,2.301,1636.36
5.77,60.97,2392.0,74.0,95.0,1.1748046875,101.41,2.301,1638.42
5.8,61.08,2392.0,78.0,96.0,1.1748046875,101.4,2.301,1640.48
5.68,62.52,2392.0,78.0,96.0,1.16064453125,101.39,2.301,1642.54
5.9,63.01,2398.0,77.0,96.0,1.16064453125,101.39,2.301,1644.67
5.55,61.15,2398.0,74.0,95.0,1.1474609375,101.39,2.301,1646.72
5.8,63.35,2398.0,80.0,96.0,1.1474609375,101.38,2.301,1648.78
5.7,71.48,2398.0,78.0,96.0,1.1474609375,101.38,2.301,1650.84
5.63,60.96,2392.0,78.0,96.0,1.13525390625,101.38,2.301,1652.89
5.63,61.47,2392.0,79.0,96.0,1.13525390625,101.39,2.301,1654.95
5.72,59.38,2398.0,77.0,96.0,1.1240234375,101.38,2.301,1657.01
5.75,56.4,2385.0,78.0,96.0,1.1240234375,101.39,2.301,1659.07
5.78,61.66,2398.0,78.0,96.0,1.11376953125,101.39,2.301,1661.14
5.67,60.47,2398.0,78.0,96.0,1.11376953125,101.38,2.301,1663.2
5.78,67.05,2392.0,79.0,96.0,1.11376953125,101.36,2.301,1665.26
5.65,61.29,2398.0,79.0,96.0,1.1044921875,101.37,2.301,1667.3
5.62,64.13,2398.0,79.0,96.0,1.1044921875,101.36,2.301,1669.35
5.71,63.81,2398.0,80.0,96.0,1.17626953125,101.36,2.301,1671.4
5.72,65.93,2385.0,78.0,94.0,1.17626953125,101.37,2.301,1673.46
5.64,63.25,2385.0,78.0,94.0,1.17626953125,101.37,2.301,1675.51
5.6,63.56,2398.0,78.0,96.0,1.162109375,101.37,2.301,1677.55
6.01,61.56,2385.0,78.0,95.0,1.162109375,101.37,2.301,1679.6
5.68,63.51,2398.0,77.0,96.0,1.14892578125,101.38,2.301,1681.64
5.59,60.96,2398.0,79.0,96.0,1.14892578125,101.37,2.301,1683.69
5.53,64.0,2392.0,80.0,96.0,1.14892578125,101.38,2.3,1685.74
5.68,59.77,2398.0,74.0,96.0,1.13671875,101.39,2.3,1687.8
5.67,60.44,2392.0,78.0,96.0,1.13671875,101.39,2.3,1689.86
5.66,61.69,2392.0,78.0,96.0,1.12548828125,101.37,2.301,1691.9
5.53,64.54,2398.0,80.0,96.0,1.12548828125,101.37,2.301,1693.95
5.58,69.61,2398.0,77.0,96.0,1.12548828125,101.38,2.301,1696.0
5.69,62.74,2392.0,80.0,96.0,1.19580078125,101.37,2.301,1698.06
5.74,63.79,2385.0,80.0,96.0,1.19580078125,101.38,2.301,1700.11
5.61,68.0,2398.0,81.0,96.0,1.26025390625,101.38,2.301,1702.16
5.49,64.18,2398.0,78.0,96.0,1.26025390625,101.39,2.301,1704.21
5.7,66.75,2398.0,74.0,95.0,1.2392578125,101.38,2.301,1706.27
5.58,60.35,2398.0,79.0,96.0,1.2392578125,101.37,2.301,1708.31
5.67,65.79,2385.0,81.0,96.0,1.2392578125,101.37,2.301,1710.36
5.51,64.59,2385.0,82.0,96.0,1.2197265625,101.38,2.301,1712.42
5.7,61.47,2385.0,80.0,96.0,1.2197265625,101.39,2.301,1714.47
5.75,64.29,2398.0,79.0,96.0,1.20166015625,101.38,2.301,1716.53
5.68,65.05,2392.0,81.0,96.0,1.20166015625,101.39,2.301,1718.58
5.6,60.23,2385.0,78.0,96.0,1.20166015625,101.39,2.301,1720.63
5.71,59.65,2398.0,78.0,96.0,1.18505859375,101.39,2.301,1722.69
5.71,63.62,2392.0,80.0,95.0,1.18505859375,101.39,2.301,1724.75
5.74,64.11,2392.0,81.0,96.0,1.169921875,101.4,2.301,1726.81
5.56,68.74,2398.0,79.0,96.0,1.169921875,101.39,2.301,1728.86
5.7,60.71,2392.0,79.0,96.0,1.169921875,101.38,2.301,1730.91
5.79,61.62,2392.0,80.0,96.0,1.15625,101.39,2.301,1732.98
5.74,61.19,2392.0,78.0,96.0,1.15625,101.39,2.301,1735.04
5.56,62.69,2398.0,80.0,96.0,1.1435546875,101.39,2.301,1737.1
5.69,62.74,2398.0,74.0,95.0,1.1435546875,101.38,2.301,1739.14
6.02,65.71,2385.0,78.0,96.0,1.1318359375,101.38,2.301,1741.2
5.55,62.89,2392.0,78.0,96.0,1.1318359375,101.39,2.301,1743.25
5.79,61.15,2398.0,78.0,96.0,1.1318359375,101.39,2.301,1745.31
5.73,59.65,2398.0,74.0,96.0,1.20166015625,101.4,2.301,1747.37
5.8,62.01,2398.0,80.0,96.0,1.20166015625,101.4,2.301,1749.48
5.61,63.77,2392.0,78.0,93.0,1.18505859375,101.39,2.301,1751.54
5.62,66.37,2398.0,78.0,96.0,1.18505859375,101.39,2.301,1753.59
5.74,65.78,2398.0,81.0,96.0,1.18505859375,101.37,2.301,1755.64
5.77,60.66,2398.0,78.0,96.0,1.169921875,101.37,2.301,1757.7
5.66,66.4,2392.0,79.0,96.0,1.169921875,101.37,2.301,1759.76
5.64,63.25,2392.0,78.0,96.0,1.15625,101.36,2.301,1761.82
5.76,62.02,2392.0,78.0,96.0,1.15625,101.37,2.301,1763.87
5.75,61.67,2398.0,74.0,95.0,1.15625,101.37,2.301,1765.92
5.65,60.69,2392.0,78.0,96.0,1.1435546875,101.38,2.301,1767.98
5.75,61.58,2385.0,78.0,96.0,1.1435546875,101.38,2.301,1770.03
5.72,59.78,2398.0,78.0,96.0,1.1318359375,101.38,2.301,1772.09
5.66,61.03,2392.0,77.0,96.0,1.1318359375,101.39,2.301,1774.16
5.71,63.32,2398.0,79.0,94.0,1.20166015625,101.39,2.301,1776.22
5.77,65.86,2392.0,78.0,96.0,1.20166015625,101.38,2.301,1778.28
5.67,61.06,2398.0,79.0,96.0,1.20166015625,101.39,2.301,1780.33
5.58,61.78,2392.0,78.0,96.0,1.18505859375,101.39,2.301,1782.4
5.71,64.87,2398.0,80.0,96.0,1.18505859375,101.39,2.301,1784.46
5.61,65.17,2398.0,79.0,96.0,1.169921875,101.38,2.301,1786.5
5.69,63.72,2398.0,78.0,96.0,1.169921875,101.38,2.301,1788.55
5.62,64.06,2398.0,78.0,96.0,1.169921875,101.38,2.301,1790.6
5.65,62.14,2385.0,79.0,96.0,1.15625,101.39,2.301,1792.65
5.73,61.37,2392.0,74.0,95.0,1.15625,101.37,2.301,1794.71
5.71,64.23,2398.0,79.0,96.0,1.1435546875,101.38,2.301,1796.77
5.58,64.82,2398.0,78.0,96.0,1.1435546875,101.38,2.301,1798.82
6.08,61.34,2398.0,78.0,96.0,1.1435546875,101.38,2.301,1800.88
5.76,59.69,2398.0,79.0,96.0,1.21240234375,101.4,2.301,1802.94
5.82,60.98,2398.0,77.0,96.0,1.21240234375,101.39,2.301,1805.0
5.61,60.57,2392.0,78.0,96.0,1.27587890625,101.38,2.301,1807.07
5.85,60.65,2392.0,79.0,96.0,1.27587890625,101.37,2.301,1809.17
5.89,61.16,2392.0,80.0,96.0,1.25341796875,101.39,2.301,1811.29
5.7,62.46,2398.0,78.0,96.0,1.25341796875,101.39,2.301,1813.35
5.61,64.87,2392.0,79.0,95.0,1.25341796875,101.39,2.301,1815.41
5.56,62.76,2392.0,78.0,96.0,1.23291015625,101.39,2.301,1817.47
5.73,61.05,2385.0,78.0,96.0,1.23291015625,101.39,2.302,1819.52
5.75,67.13,2398.0,78.0,96.0,1.2138671875,100.69,2.302,1821.58
5.56,60.5,2392.0,79.0,96.0,1.2138671875,100.68,2.302,1823.64
5.73,65.85,2398.0,79.0,96.0,1.2138671875,100.69,2.302,1825.7
5.64,63.89,2398.0,74.0,95.0,1.1962890625,100.7,2.302,1827.75
5.69,63.51,2398.0,75.0,95.0,1.1962890625,100.7,2.302,1829.81
5.56,61.78,2385.0,78.0,96.0,1.18017578125,100.69,2.302,1831.87
5.65,61.2,2392.0,78.0,96.0,1.18017578125,100.68,2.302,1833.92
5.7,60.94,2392.0,74.0,96.0,1.18017578125,100.69,2.302,1835.98
5.69,62.63,2398.0,80.0,96.0,1.16552734375,100.69,2.302,1838.06
5.65,61.48,2392.0,74.0,96.0,1.16552734375,100.69,2.302,1840.12
5.65,62.07,2392.0,78.0,96.0,1.15185546875,100.69,2.302,1842.18
5.7,60.8,2398.0,78.0,96.0,1.15185546875,100.68,2.302,1844.23
5.74,63.51,2392.0,78.0,96.0,1.1396484375,100.68,2.302,1846.29
5.59,63.55,2385.0,79.0,94.0,1.1396484375,100.68,2.302,1848.34
5.71,61.8,2398.0,79.0,96.0,1.1396484375,100.69,2.302,1850.4
5.75,62.31,2392.0,78.0,96.0,1.12841796875,100.69,2.302,1852.45
5.76,64.09,2385.0,78.0,96.0,1.12841796875,100.69,2.302,1854.51
5.66,64.4,2392.0,77.0,96.0,1.11767578125,100.69,2.302,1856.57
5.76,60.77,2392.0,79.0,96.0,1.11767578125,100.69,2.302,1858.63
5.94,63.2,2398.0,79.0,96.0,1.11767578125,100.7,2.302,1860.7
5.66,60.74,2385.0,78.0,96.0,1.1884765625,100.7,2.302,1862.75
5.69,61.04,2398.0,75.0,95.0,1.1884765625,100.69,2.302,1864.8
5.84,62.84,2392.0,78.0,96.0,1.25390625,100.69,2.302,1866.86
5.74,63.28,2398.0,77.0,96.0,1.25390625,100.68,2.302,1868.92
5.6,60.64,2398.0,78.0,96.0,1.25390625,100.67,2.302,1870.97
5.78,62.67,2398.0,79.0,93.0,1.31396484375,100.66,2.302,1873.03
5.67,65.23,2392.0,79.0,96.0,1.31396484375,100.66,2.302,1875.09
5.83,65.03,2385.0,81.0,96.0,1.28857421875,100.67,2.302,1877.14
5.63,63.13,2398.0,77.0,93.0,1.28857421875,100.67,2.302,1879.19
5.68,64.14,2398.0,78.0,96.0,1.26513671875,100.68,2.302,1881.24
5.72,65.52,2392.0,79.0,96.0,1.26513671875,100.69,2.302,1883.3
5.59,61.15,2392.0,80.0,96.0,1.26513671875,100.69,2.302,1885.36
5.68,61.4,2392.0,75.0,96.0,1.24365234375,100.68,2.302,1887.42
5.79,65.13,2398.0,78.0,96.0,1.24365234375,100.68,2.302,1889.47
5.74,61.42,2392.0,78.0,96.0,1.22412109375,100.68,2.302,1891.52
5.67,63.41,2398.0,77.0,96.0,1.22412109375,100.68,2.302,1893.57
5.71,61.19,2392.0,79.0,94.0,1.22412109375,100.69,2.302,1895.63
5.79,65.37,2392.0,78.0,96.0,1.2060546875,100.69,2.302,1897.72
5.85,60.52,2385.0,78.0,96.0,1.2060546875,100.68,2.302,1899.77
5.72,60.37,2398.0,79.0,96.0,1.27001953125,100.67,2.302,1901.82
5.7,61.69,2392.0,80.0,96.0,1.27001953125,100.68,2.302,1903.88
5.78,67.18,2398.0,77.0,96.0,1.27001953125,100.68,2.302,1905.93
5.51,66.07,2398.0,78.0,96.0,1.248046875,100.68,2.302,1907.98
5.71,61.11,2385.0,78.0,96.0,1.248046875,100.68,2.302,1910.03
5.68,66.56,2392.0,78.0,96.0,1.22802734375,100.68,2.302,1912.1
5.61,62.25,2398.0,78.0,96.0,1.22802734375,100.68,2.302,1914.15
5.57,61.72,2392.0,79.0,96.0,1.20947265625,100.69,2.302,1916.21
5.63,63.48,2385.0,78.0,95.0,1.20947265625,100.67,2.302,1918.26
5.98,60.48,2392.0,75.0,96.0,1.20947265625,100.68,2.302,1920.31
5.7,62.32,2392.0,78.0,96.0,1.1923828125,100.69,2.302,1922.4
5.74,61.38,2392.0,78.0,96.0,1.1923828125,100.69,2.302,1924.46
5.54,61.87,2392.0,75.0,96.0,1.1767578125,100.69,2.302,1926.51
5.65,61.71,2392.0,77.0,96.0,1.1767578125,100.69,2.302,1928.57
5.75,62.47,2392.0,80.0,96.0,1.1767578125,100.69,2.302,1930.62
5.75,65.96,2392.0,78.0,96.0,1.16259765625,100.68,2.302,1932.68
5.54,64.17,2398.0,81.0,96.0,1.16259765625,100.68,2.302,1934.73
5.77,56.66,2392.0,74.0,95.0,1.1494140625,100.67,2.302,1936.79
5.9,63.74,2385.0,78.0,96.0,1.1494140625,100.68,2.302,1938.85
5.59,58.59,2392.0,76.0,95.0,1.1494140625,100.68,2.302,1940.9
5.74,66.73,2398.0,78.0,96.0,1.13720703125,100.68,2.302,1942.96
5.7,60.7,2398.0,78.0,96.0,1.13720703125,100.68,2.302,1945.01
5.86,60.3,2385.0,78.0,96.0,1.1259765625,100.69,2.302,1947.13
5.86,64.16,2398.0,78.0,96.0,1.1259765625,100.69,2.302,1949.19
5.61,61.98,2398.0,78.0,95.0,1.11572265625,100.68,2.302,1951.23
5.62,66.83,2398.0,79.0,96.0,1.11572265625,100.67,2.302,1953.29
5.7,60.58,2385.0,78.0,96.0,1.11572265625,100.67,2.302,1955.35
5.71,60.95,2398.0,78.0,96.0,1.18701171875,100.68,2.302,1957.41
5.64,67.41,2398.0,79.0,96.0,1.18701171875,100.69,2.302,1959.47
5.69,65.27,2398.0,78.0,96.0,1.171875,100.69,2.302,1961.53
5.67,61.32,2392.0,80.0,96.0,1.171875,100.68,2.302,1963.59
5.7,63.98,2392.0,78.0,96.0,1.171875,100.68,2.302,1965.65
5.74,61.46,2398.0,79.0,96.0,1.15771484375,100.68,2.302,1967.75
5.78,63.37,2392.0,80.0,96.0,1.15771484375,100.67,2.302,1969.82
5.58,62.92,2398.0,78.0,96.0,1.2255859375,100.67,2.301,1971.88
5.59,60.8,2398.0,74.0,95.0,1.2255859375,100.67,2.302,1973.93
5.67,66.3,2392.0,78.0,96.0,1.2255859375,100.68,2.302,1975.99
5.53,63.44,2398.0,78.0,94.0,1.20751953125,100.68,2.302,1978.04
5.85,63.02,2385.0,78.0,96.0,1.20751953125,100.68,2.302,1980.11
5.98,60.59,2392.0,78.0,96.0,1.1904296875,100.68,2.302,1982.16
5.66,66.97,2398.0,78.0,96.0,1.1904296875,100.68,2.302,1984.22
5.52,64.81,2392.0,79.0,96.0,1.1748046875,100.68,2.302,1986.26
5.7,63.81,2392.0,76.0,95.0,1.1748046875,100.68,2.302,1988.32
5.62,64.52,2385.0,79.0,96.0,1.1748046875,100.67,2.302,1990.38
5.63,69.62,2398.0,78.0,96.0,1.16064453125,100.67,2.302,1992.42
5.63,64.53,2398.0,79.0,96.0,1.16064453125,100.68,2.302,1994.48
5.68,61.22,2392.0,74.0,96.0,1.1474609375,100.68,2.302,1996.54
5.68,61.37,2392.0,78.0,95.0,1.1474609375,100.69,2.302,1998.6
5.87,60.65,2392.0,78.0,96.0,1.1474609375,100.67,2.302,2000.66
5.63,61.77,2392.0,78.0,94.0,1.13525390625,100.67,2.302,2002.71
5.72,60.88,2392.0,80.0,96.0,1.13525390625,100.67,2.302,2004.77
5.7,67.25,2392.0,80.0,96.0,1.1240234375,100.69,2.302,2006.83
5.63,62.33,2392.0,74.0,96.0,1.1240234375,100.68,2.302,2008.88
5.7,61.52,2398.0,79.0,93.0,1.1240234375,100.68,2.302,2010.94
5.78,62.9,2398.0,78.0,96.0,1.1943359375,100.68,2.302,2013.01
5.7,65.53,2398.0,79.0,96.0,1.1943359375,100.67,2.302,2015.06
5.69,61.46,2385.0,78.0,96.0,1.1787109375,100.68,2.302,2017.11
5.71,62.32,2398.0,74.0,95.0,1.1787109375,100.68,2.302,2019.17
5.76,66.14,2392.0,78.0,96.0,1.1640625,100.67,2.302,2021.23
5.68,64.04,2398.0,78.0,96.0,1.1640625,100.67,2.302,2023.29
5.61,62.49,2398.0,78.0,96.0,1.1640625,100.67,2.302,2025.34
5.77,59.84,2392.0,74.0,95.0,1.15087890625,100.68,2.302,2027.4
5.72,62.11,2398.0,79.0,96.0,1.15087890625,100.68,2.302,2029.46
5.62,68.43,2398.0,78.0,96.0,1.138671875,100.69,2.302,2031.52
5.49,62.01,2385.0,79.0,94.0,1.138671875,100.69,2.302,2033.58
5.62,61.4,2392.0,78.0,96.0,1.138671875,100.69,2.302,2035.63
5.73,67.56,2398.0,77.0,96.0,1.12744140625,100.68,2.302,2037.69
5.74,61.44,2392.0,77.0,96.0,1.12744140625,100.68,2.302,2039.74
5.87,60.08,2392.0,78.0,96.0,1.1171875,100.69,2.302,2041.8
5.85,65.43,2385.0,82.0,96.0,1.1171875,100.7,2.302,2043.87
5.76,67.15,2392.0,80.0,94.0,1.1171875,100.68,2.302,2045.93
5.69,61.52,2398.0,79.0,96.0,1.107421875,100.68,2.302,2047.98
5.62,61.68,2392.0,79.0,96.0,1.107421875,100.68,2.302,2050.03
5.72,56.6,2392.0,78.0,96.0,1.0986328125,100.69,2.302,2052.09
5.67,67.58,2385.0,78.0,96.0,1.0986328125,100.69,2.302,2054.15
5.64,62.08,2398.0,78.0,94.0,1.09033203125,100.69,2.302,2056.19
5.58,58.21,2392.0,78.0,96.0,1.09033203125,100.69,2.302,2058.25
5.77,67.79,2392.0,78.0,96.0,1.09033203125,100.69,2.302,2060.32
5.68,62.73,2392.0,77.0,96.0,1.16357421875,100.69,2.302,2062.38
5.76,64.66,2392.0,79.0,96.0,1.16357421875,100.69,2.302,2064.43
5.56,68.53,2398.0,78.0,96.0,1.150390625,100.68,2.302,2066.48
5.69,64.1,2398.0,78.0,96.0,1.150390625,100.68,2.302,2068.53
5.7,63.93,2398.0,78.0,96.0,1.150390625,100.68,2.302,2070.57
5.56,62.95,2385.0,79.0,96.0,1.13818359375,100.68,2.302,2072.63
5.68,62.14,2392.0,78.0,96.0,1.13818359375,100.68,2.302,2074.69
5.71,62.88,2398.0,81.0,96.0,1.126953125,100.67,2.302,2076.75
5.68,62.8,2392.0,78.0,94.0,1.126953125,100.68,2.302,2078.81
5.6,60.99,2392.0,79.0,96.0,1.126953125,100.68,2.302,2080.86
5.78,63.78,2392.0,78.0,94.0,1.11669921875,100.68,2.302,2082.95
5.67,62.34,2392.0,77.0,96.0,1.11669921875,100.68,2.302,2084.99
5.77,61.77,2385.0,78.0,96.0,1.10693359375,100.69,2.302,2087.05
5.58,62.98,2392.0,81.0,96.0,1.10693359375,100.68,2.302,2089.11
5.66,62.58,2392.0,80.0,96.0,1.09814453125,100.68,2.302,2091.16
5.62,59.72,2398.0,78.0,96.0,1.09814453125,100.68,2.302,2093.21
5.82,60.49,2385.0,78.0,96.0,1.09814453125,100.68,2.302,2095.32
5.65,61.84,2398.0,74.0,95.0,1.08984375,100.67,2.302,2097.38
5.6,64.15,2398.0,77.0,96.0,1.08984375,100.68,2.302,2099.44
6.04,60.72,2398.0,81.0,96.0,1.08251953125,100.69,2.302,2101.5
5.87,60.24,2398.0,74.0,96.0,1.08251953125,100.68,2.302,2103.62
5.78,62.24,2392.0,77.0,96.0,1.08251953125,100.67,2.302,2105.69
5.53,59.66,2398.0,80.0,96.0,1.07568359375,100.67,2.302,2107.75
5.71,65.33,2385.0,79.0,96.0,1.07568359375,100.67,2.302,2109.83
5.68,61.5,2392.0,78.0,95.0,1.0693359375,100.67,2.302,2111.88
5.73,63.05,2398.0,74.0,96.0,1.0693359375,100.67,2.302,2113.93
5.72,65.18,2398.0,77.0,94.0,1.0693359375,100.67,2.302,2115.99
5.63,61.66,2398.0,77.0,96.0,1.14404296875,100.67,2.302,2118.05
5.72,65.21,2398.0,79.0,96.0,1.14404296875,100.68,2.302,2120.1
5.72,62.06,2398.0,78.0,96.0,1.13232421875,100.68,2.302,2122.15
5.66,60.96,2398.0,77.0,94.0,1.13232421875,100.68,2.302,2124.21
5.77,63.28,2398.0,79.0,96.0,1.12158203125,100.68,2.302,2126.28
5.71,58.31,2392.0,78.0,96.0,1.12158203125,100.68,2.302,2128.33
5.76,62.96,2385.0,79.0,96.0,1.12158203125,100.67,2.302,2130.39
5.53,65.96,2398.0,78.0,96.0,1.11181640625,100.66,2.302,2132.45
5.69,60.74,2398.0,79.0,96.0,1.11181640625,100.67,2.302,2134.49
5.96,60.82,2392.0,79.0,96.0,1.1025390625,100.67,2.302,2136.62
5.73,61.49,2392.0,79.0,96.0,1.1025390625,100.66,2.302,2138.68
5.71,62.02,2392.0,78.0,96.0,1.1025390625,100.67,2.302,2140.74
5.86,62.41,2398.0,80.0,93.0,1.09423828125,100.65,2.303,2142.86
5.71,68.84,2398.0,78.0,96.0,1.09423828125,100.65,2.303,2144.91
5.68,62.87,2392.0,79.0,96.0,1.08642578125,100.67,2.303,2146.97
5.72,60.37,2398.0,78.0,96.0,1.08642578125,100.67,2.303,2149.03
5.58,68.0,2398.0,78.0,96.0,1.08642578125,100.67,2.303,2151.08
5.72,61.91,2398.0,78.0,96.0,1.15966796875,100.67,2.303,2153.15
5.71,61.63,2392.0,78.0,95.0,1.15966796875,100.68,2.303,2155.2
5.65,61.47,2392.0,78.0,96.0,1.30712890625,100.68,2.303,2157.26
5.83,62.6,2398.0,78.0,96.0,1.30712890625,100.68,2.303,2159.31
5.99,60.17,2398.0,81.0,96.0,1.36279296875,100.68,2.303,2161.36
5.81,65.97,2392.0,80.0,94.0,1.36279296875,100.68,2.303,2163.47
5.66,60.49,2392.0,78.0,96.0,1.36279296875,100.67,2.303,2165.52
5.73,62.63,2398.0,78.0,96.0,1.33349609375,100.68,2.303,2167.61
5.72,63.27,2398.0,78.0,96.0,1.33349609375,100.67,2.303,2169.67
5.73,61.1,2385.0,79.0,96.0,1.306640625,100.65,2.303,2171.72
5.65,64.05,2398.0,78.0,96.0,1.306640625,100.66,2.303,2173.77
5.63,65.06,2385.0,82.0,96.0,1.306640625,100.68,2.303,2175.82
5.63,61.99,2385.0,78.0,96.0,1.28173828125,100.68,2.303,2177.88
5.7,61.77,2398.0,78.0,94.0,1.28173828125,100.68,2.303,2179.94
5.73,61.63,2392.0,78.0,96.0,1.2587890625,100.69,2.303,2181.99
5.65,66.17,2392.0,78.0,96.0,1.2587890625,100.69,2.303,2184.05
5.68,62.17,2392.0,78.0,96.0,1.2587890625,100.67,2.303,2186.11
5.74,59.26,2398.0,78.0,96.0,1.318359375,100.67,2.303,2188.17
5.63,65.5,2392.0,78.0,96.0,1.318359375,100.67,2.303,2190.24
5.6,63.8,2392.0,80.0,96.0,1.29248046875,100.67,2.303,2192.28
5.64,65.37,2398.0,78.0,96.0,1.29248046875,100.67,2.303,2194.34
5.63,63.35,2392.0,79.0,95.0,1.26904296875,100.68,2.303,2196.39
5.7,61.39,2398.0,79.0,96.0,1.26904296875,100.69,2.303,2198.45
5.6,59.35,2398.0,77.0,96.0,1.26904296875,100.68,2.303,2200.51
5.72,63.25,2392.0,79.0,96.0,1.2470703125,100.68,2.303,2202.57
5.7,58.99,2392.0,78.0,96.0,1.2470703125,100.7,2.303,2204.62
5.73,62.36,2398.0,78.0,96.0,1.3076171875,100.7,2.303,2206.69
5.69,66.09,2398.0,78.0,96.0,1.3076171875,100.68,2.303,2208.73
5.72,62.32,2392.0,77.0,94.0,1.3076171875,100.68,2.303,2210.79
5.71,62.07,2392.0,78.0,96.0,1.28271484375,100.68,2.303,2212.85
5.61,62.88,2398.0,78.0,96.0,1.28271484375,100.66,2.303,2214.9
5.65,62.49,2392.0,78.0,96.0,1.259765625,100.66,2.303,2216.95
5.91,66.74,2392.0,77.0,96.0,1.259765625,100.67,2.303,2219.09
6.12,60.57,2392.0,78.0,96.0,1.23876953125,100.68,2.303,2221.16
5.65,64.64,2385.0,79.0,96.0,1.23876953125,100.68,2.303,2223.21
5.65,61.61,2398.0,79.0,96.0,1.23876953125,100.69,2.303,2225.27
5.74,65.44,2392.0,79.0,96.0,1.21923828125,100.69,2.303,2227.33
5.69,62.69,2398.0,78.0,96.0,1.21923828125,100.69,2.303,2229.39
5.71,60.44,2398.0,79.0,96.0,1.20166015625,100.69,2.303,2231.44
5.73,63.21,2392.0,80.0,96.0,1.20166015625,100.7,2.303,2233.5
5.69,61.48,2392.0,78.0,96.0,1.20166015625,100.68,2.303,2235.55
5.74,68.9,2392.0,78.0,96.0,1.18505859375,100.69,2.303,2237.63
5.62,64.49,2398.0,77.0,96.0,1.18505859375,100.69,2.303,2239.69
5.73,65.42,2385.0,82.0,96.0,1.169921875,100.68,2.303,2241.74
5.69,63.81,2385.0,78.0,96.0,1.169921875,100.68,2.303,2243.79
5.74,61.39,2398.0,77.0,96.0,1.169921875,100.68,2.303,2245.84
5.77,62.5,2392.0,80.0,96.0,1.15625,100.68,2.303,2247.91
5.64,59.88,2392.0,80.0,96.0,1.15625,100.68,2.303,2249.97
5.88,66.51,2398.0,78.0,96.0,1.1435546875,100.67,2.303,2252.07
5.77,63.1,2398.0,78.0,96.0,1.1435546875,100.67,2.303,2254.12
5.79,64.84,2385.0,78.0,96.0,1.1318359375,100.68,2.303,2256.23
5.92,65.62,2392.0,81.0,96.0,1.1318359375,100.68,2.303,2258.35
5.64,61.83,2392.0,78.0,96.0,1.1318359375,100.68,2.303,2260.4
5.84,66.0,2398.0,78.0,96.0,1.12109375,100.67,2.303,2262.46
5.59,66.7,2398.0,79.0,96.0,1.12109375,100.68,2.303,2264.51
5.73,60.71,2385.0,78.0,96.0,1.111328125,100.68,2.303,2266.56
5.7,64.08,2398.0,78.0,96.0,1.111328125,100.67,2.303,2268.63
5.75,62.83,2398.0,78.0,95.0,1.111328125,100.69,2.303,2270.69
5.51,60.91,2392.0,78.0,96.0,1.1826171875,100.69,2.303,2272.74
5.83,68.21,2398.0,79.0,96.0,1.1826171875,100.7,2.303,2274.83
5.68,64.95,2398.0,78.0,96.0,1.16796875,100.7,2.303,2276.89
5.6,63.85,2398.0,78.0,96.0,1.16796875,100.7,2.303,2278.94
6.06,60.58,2398.0,78.0,96.0,1.16796875,100.69,2.303,2280.98
5.74,62.47,2392.0,79.0,96.0,1.154296875,100.69,2.303,2283.05
5.79,63.34,2398.0,74.0,95.0,1.154296875,100.7,2.303,2285.11
5.74,62.07,2392.0,78.0,96.0,1.1416015625,100.7,2.303,2287.17
5.79,61.02,2385.0,79.0,96.0,1.1416015625,100.7,2.303,2289.23
5.67,61.66,2392.0,78.0,96.0,1.1298828125,100.7,2.303,2291.29
5.63,61.73,2392.0,79.0,96.0,1.1298828125,100.68,2.303,2293.35
5.74,62.98,2398.0,78.0,96.0,1.1298828125,100.69,2.303,2295.41
5.71,59.91,2398.0,77.0,96.0,1.119140625,100.68,2.303,2297.47
5.76,64.94,2385.0,79.0,96.0,1.119140625,100.69,2.303,2299.57
5.66,64.11,2385.0,78.0,95.0,1.109375,100.69,2.303,2301.62
5.65,60.94,2392.0,78.0,96.0,1.109375,100.7,2.303,2303.67
5.66,63.56,2398.0,78.0,96.0,1.109375,100.69,2.303,2305.74
5.5,64.66,2392.0,81.0,96.0,1.1005859375,100.68,2.303,2307.78
5.76,61.34,2385.0,78.0,96.0,1.1005859375,100.68,2.303,2309.83
5.73,58.36,2385.0,79.0,95.0,1.09228515625,100.68,2.303,2311.91
5.68,62.78,2392.0,78.0,96.0,1.09228515625,100.68,2.303,2313.98
5.57,65.29,2385.0,81.0,96.0,1.09228515625,100.68,2.303,2316.03
5.66,58.38,2392.0,78.0,96.0,1.08447265625,100.68,2.303,2318.09
5.81,68.97,2398.0,78.0,96.0,1.08447265625,100.68,2.303,2320.22
5.71,65.27,2398.0,78.0,96.0,1.07763671875,100.68,2.303,2322.28
5.66,63.29,2398.0,80.0,96.0,1.07763671875,100.68,2.303,2324.33
5.59,63.49,2398.0,78.0,96.0,1.0712890625,100.68,2.303,2326.38
5.79,63.66,2398.0,80.0,96.0,1.0712890625,100.68,2.303,2328.43
5.7,61.64,2385.0,78.0,96.0,1.0712890625,100.68,2.303,2330.49
5.59,60.47,2398.0,77.0,96.0,1.0654296875,100.68,2.303,2332.55
5.75,63.2,2392.0,78.0,96.0,1.0654296875,100.69,2.303,2334.61
5.77,60.89,2398.0,77.0,96.0,1.06005859375,100.67,2.303,2336.65
5.73,62.97,2398.0,77.0,96.0,1.06005859375,100.65,2.303,2338.71
5.72,62.3,2392.0,74.0,96.0,1.06005859375,100.65,2.303,2340.78
6.04,61.28,2385.0,79.0,95.0,1.1357421875,100.67,2.303,2342.84
5.7,62.34,2392.0,78.0,96.0,1.1357421875,100.67,2.303,2344.9
5.7,61.15,2392.0,79.0,96.0,1.12451171875,100.67,2.303,2346.96
5.58,64.81,2398.0,78.0,96.0,1.12451171875,100.67,2.303,2349.01
5.65,61.31,2398.0,78.0,96.0,1.12451171875,100.68,2.303,2351.06
5.67,66.37,2398.0,77.0,96.0,1.1142578125,100.67,2.303,2353.12
5.61,59.12,2398.0,77.0,96.0,1.1142578125,100.68,2.303,2355.18
5.65,63.62,2398.0,77.0,93.0,1.10498046875,100.67,2.303,2357.24
5.7,65.16,2392.0,79.0,96.0,1.10498046875,100.67,2.303,2359.3
5.72,65.9,2398.0,81.0,96.0,1.09619140625,100.67,2.303,2361.36
5.68,61.84,2398.0,78.0,96.0,1.09619140625,100.67,2.303,2363.42
5.67,63.45,2385.0,79.0,96.0,1.09619140625,100.67,2.303,2365.48
5.59,65.24,2392.0,78.0,96.0,1.08837890625,100.68,2.303,2367.54
5.71,65.99,2385.0,80.0,95.0,1.08837890625,100.68,2.303,2369.59
5.68,62.2,2392.0,78.0,96.0,1.0810546875,100.67,2.303,2371.64
5.74,62.93,2385.0,81.0,96.0,1.0810546875,100.66,2.303,2373.69
5.49,63.25,2398.0,78.0,96.0,1.0810546875,100.66,2.303,2375.75
5.65,63.43,2398.0,79.0,96.0,1.07421875,100.66,2.303,2377.81
5.67,63.37,2385.0,82.0,96.0,1.07421875,100.66,2.303,2379.86
5.63,68.62,2398.0,78.0,96.0,1.06787109375,100.64,2.303,2381.91
5.57,65.38,2398.0,81.0,96.0,1.06787109375,100.67,2.303,2383.96
5.63,59.87,2398.0,79.0,96.0,1.06787109375,100.67,2.303,2386.0
5.73,63.18,2398.0,79.0,96.0,1.142578125,100.67,2.303,2388.07
5.65,64.16,2398.0,78.0,96.0,1.142578125,100.67,2.303,2390.12
5.57,62.56,2398.0,79.0,96.0,1.130859375,100.66,2.303,2392.17
5.64,62.12,2398.0,78.0,96.0,1.130859375,100.67,2.303,2394.22
5.66,65.94,2398.0,80.0,96.0,1.1201171875,100.67,2.303,2396.28
5.66,59.84,2398.0,78.0,96.0,1.1201171875,100.67,2.303,2398.32
5.64,63.43,2398.0,78.0,96.0,1.1201171875,100.67,2.303,2400.38
6.09,65.18,2398.0,78.0,96.0,1.1103515625,100.67,2.303,2402.45
5.66,64.01,2392.0,78.0,96.0,1.1103515625,100.67,2.303,2404.51
5.81,62.55,2392.0,81.0,96.0,1.10107421875,100.67,2.303,2406.56
5.64,61.07,2398.0,78.0,96.0,1.10107421875,100.68,2.303,2408.62
5.58,60.42,2392.0,79.0,96.0,1.10107421875,100.67,2.303,2410.67
5.75,63.7,2385.0,80.0,96.0,1.0927734375,100.66,2.303,2412.73
5.65,71.4,2398.0,78.0,96.0,1.0927734375,100.67,2.303,2414.79
5.57,62.22,2385.0,79.0,96.0,1.0849609375,100.67,2.303,2416.83
5.61,60.14,2392.0,77.0,96.0,1.0849609375,100.67,2.303,2418.89
5.73,59.9,2392.0,79.0,96.0,1.0849609375,100.65,2.303,2420.95
5.72,64.98,2392.0,80.0,96.0,1.23876953125,100.66,2.303,2423.02
5.66,64.01,2398.0,74.0,95.0,1.23876953125,100.65,2.303,2425.07
5.55,64.74,2398.0,78.0,96.0,1.21923828125,100.66,2.303,2427.14
5.64,61.85,2398.0,77.0,96.0,1.21923828125,100.65,2.303,2429.19
5.75,60.47,2385.0,78.0,96.0,1.20166015625,100.66,2.303,2431.24
5.7,63.27,2398.0,78.0,96.0,1.20166015625,100.66,2.303,2433.29
5.51,63.83,2398.0,78.0,96.0,1.20166015625,100.66,2.303,2435.34
5.65,63.44,2398.0,78.0,96.0,1.18505859375,100.66,2.303,2437.39
5.66,60.67,2398.0,81.0,96.0,1.18505859375,100.67,2.303,2439.45
5.67,61.67,2392.0,78.0,93.0,1.169921875,100.67,2.303,2441.51
5.83,60.39,2385.0,78.0,96.0,1.169921875,100.66,2.303,2443.63
5.64,63.9,2385.0,80.0,96.0,1.169921875,100.66,2.303,2445.68
5.72,61.3,2398.0,78.0,96.0,1.15625,100.67,2.303,2447.73
5.68,62.13,2398.0,74.0,95.0,1.15625,100.67,2.303,2449.78
5.57,65.47,2392.0,78.0,96.0,1.1435546875,100.66,2.303,2451.84
5.73,58.98,2392.0,79.0,96.0,1.1435546875,100.66,2.303,2453.9
5.78,61.54,2392.0,79.0,96.0,1.1435546875,100.66,2.303,2456.03
5.7,61.46,2398.0,74.0,94.0,1.1318359375,100.65,2.303,2458.08
5.68,64.1,2398.0,80.0,96.0,1.1318359375,100.65,2.303,2460.14
5.99,62.28,2385.0,81.0,96.0,1.20166015625,100.64,2.303,2462.2
5.66,68.43,2398.0,78.0,96.0,1.20166015625,100.65,2.303,2464.25
5.7,65.44,2398.0,78.0,96.0,1.18505859375,100.65,2.303,2466.31
5.95,59.46,2398.0,79.0,96.0,1.18505859375,100.66,2.303,2468.37
5.62,64.1,2385.0,80.0,96.0,1.18505859375,100.66,2.303,2470.45
5.75,60.99,2392.0,79.0,95.0,1.169921875,100.65,2.303,2472.49
5.87,62.04,2392.0,79.0,96.0,1.169921875,100.65,2.303,2474.63
5.73,65.57,2392.0,78.0,96.0,1.15625,100.66,2.303,2476.68
5.53,60.82,2392.0,78.0,96.0,1.15625,100.66,2.303,2478.72
5.72,65.6,2392.0,78.0,96.0,1.15625,100.66,2.303,2480.78
5.72,64.7,2392.0,78.0,96.0,1.1435546875,100.66,2.303,2482.83
5.68,66.08,2392.0,78.0,96.0,1.1435546875,100.66,2.303,2484.88
5.63,60.1,2398.0,78.0,96.0,1.1318359375,100.66,2.303,2486.93
5.78,61.93,2385.0,77.0,96.0,1.1318359375,100.66,2.303,2489.01
5.74,62.12,2398.0,74.0,94.0,1.1318359375,100.66,2.303,2491.07
5.69,63.86,2398.0,74.0,95.0,1.12109375,100.66,2.303,2493.12
5.85,61.05,2398.0,79.0,96.0,1.12109375,100.66,2.303,2495.18
5.7,64.5,2392.0,78.0,96.0,1.19189453125,100.66,2.303,2497.25
5.8,64.75,2392.0,78.0,95.0,1.19189453125,100.66,2.303,2499.3
5.55,64.74,2398.0,78.0,96.0,1.17626953125,100.66,2.303,2501.36
5.79,64.03,2398.0,77.0,96.0,1.17626953125,100.66,2.303,2503.42
5.73,64.96,2385.0,78.0,95.0,1.17626953125,100.66,2.303,2505.48
5.77,64.77,2385.0,79.0,94.0,1.162109375,100.66,2.303,2507.52
5.59,61.94,2392.0,80.0,96.0,1.162109375,100.66,2.303,2509.56
5.74,59.19,2392.0,78.0,96.0,1.14892578125,100.66,2.303,2511.62
5.87,60.81,2392.0,78.0,96.0,1.14892578125,100.65,2.303,2513.74
5.79,61.1,2392.0,79.0,96.0,1.14892578125,100.63,2.303,2515.84
5.77,64.12,2398.0,80.0,96.0,1.13671875,100.64,2.303,2517.97
5.68,62.21,2385.0,78.0,96.0,1.13671875,100.64,2.303,2520.02
6.14,62.71,2392.0,79.0,96.0,1.12548828125,100.64,2.303,2522.08
5.75,65.4,2398.0,74.0,95.0,1.12548828125,100.65,2.303,2524.13
5.57,63.33,2398.0,80.0,96.0,1.12548828125,100.65,2.303,2526.19
5.69,68.1,2398.0,78.0,96.0,1.19580078125,100.65,2.303,2528.25
5.69,64.06,2398.0,77.0,96.0,1.19580078125,100.65,2.303,2530.29
5.68,56.67,2392.0,78.0,96.0,1.1796875,100.65,2.303,2532.35
5.83,59.5,2392.0,78.0,96.0,1.1796875,100.66,2.303,2534.42
5.83,66.43,2398.0,78.0,96.0,1.1650390625,100.66,2.303,2536.53
5.68,62.7,2398.0,74.0,96.0,1.1650390625,100.66,2.303,2538.58
5.64,61.06,2392.0,79.0,93.0,1.1650390625,100.65,2.303,2540.62
5.73,60.63,2398.0,78.0,96.0,1.1513671875,100.66,2.303,2542.69
5.7,59.29,2398.0,74.0,95.0,1.1513671875,100.66,2.303,2544.75
5.7,62.46,2398.0,78.0,96.0,1.2998046875,100.67,2.303,2546.82
5.57,59.06,2398.0,81.0,96.0,1.2998046875,100.67,2.303,2548.86
5.68,63.29,2392.0,75.0,95.0,1.2998046875,100.67,2.303,2550.93
5.64,59.17,2398.0,77.0,96.0,1.275390625,100.66,2.303,2552.98
5.87,66.1,2392.0,79.0,96.0,1.275390625,100.67,2.303,2555.11
5.74,60.93,2392.0,78.0,96.0,1.2529296875,100.67,2.303,2557.17
5.64,62.5,2385.0,80.0,96.0,1.2529296875,100.66,2.303,2559.23
5.73,60.84,2385.0,78.0,95.0,1.232421875,100.66,2.303,2561.28
5.74,61.49,2398.0,78.0,96.0,1.232421875,100.66,2.303,2563.33
5.57,63.69,2398.0,79.0,96.0,1.232421875,100.67,2.303,2565.38
5.75,64.1,2385.0,78.0,95.0,1.21337890625,100.68,2.303,2567.43
5.67,59.52,2392.0,79.0,85.0,1.21337890625,100.67,2.303,2569.48
5.71,66.58,2392.0,82.0,96.0,1.1962890625,100.67,2.303,2571.54
5.53,64.53,2398.0,81.0,96.0,1.1962890625,100.67,2.303,2573.58
5.64,67.41,2392.0,78.0,96.0,1.1962890625,100.67,2.303,2575.63
5.63,63.58,2398.0,79.0,96.0,1.18017578125,100.67,2.303,2577.68
5.81,61.16,2392.0,78.0,96.0,1.18017578125,100.67,2.303,2579.72
5.89,62.27,2392.0,78.0,96.0,1.16552734375,100.67,2.303,2581.77
5.81,64.85,2398.0,78.0,96.0,1.16552734375,100.67,2.303,2583.83
5.61,65.02,2398.0,80.0,96.0,1.16552734375,100.68,2.303,2585.86
5.56,63.67,2385.0,78.0,96.0,1.15185546875,100.68,2.303,2587.92
5.58,69.49,2398.0,78.0,96.0,1.15185546875,100.67,2.303,2589.96
5.64,65.04,2398.0,77.0,96.0,1.22021484375,100.67,2.303,2592.0
5.65,62.36,2385.0,78.0,96.0,1.22021484375,100.68,2.303,2594.05
5.5,59.78,2398.0,79.0,96.0,1.22021484375,100.68,2.303,2596.1
5.74,63.68,2398.0,78.0,93.0,1.2021484375,100.68,2.303,2598.18
5.71,65.49,2385.0,78.0,96.0,1.2021484375,100.68,2.303,2600.24
5.68,60.35,2392.0,79.0,96.0,1.185546875,100.68,2.303,2602.29
5.72,63.73,2392.0,78.0,96.0,1.185546875,100.68,2.302,2604.35
5.59,61.94,2392.0,78.0,96.0,1.17041015625,100.69,2.303,2606.4
5.75,65.29,2398.0,78.0,96.0,1.17041015625,100.68,2.303,2608.46
5.74,61.46,2398.0,75.0,96.0,1.17041015625,100.67,2.303,2610.52
5.58,66.75,2392.0,77.0,96.0,1.15673828125,100.68,2.303,2612.57
5.65,64.12,2398.0,78.0,96.0,1.15673828125,100.69,2.303,2614.63
5.65,65.77,2398.0,78.0,96.0,1.14404296875,100.69,2.303,2616.69
5.75,60.61,2392.0,78.0,96.0,1.14404296875,100.67,2.303,2618.74
5.6,62.3,2385.0,80.0,96.0,1.14404296875,100.69,2.303,2620.79
5.77,57.83,2398.0,74.0,95.0,1.13232421875,100.68,2.305,2622.85
5.81,62.0,2392.0,79.0,96.0,1.13232421875,100.68,2.305,2624.91
5.72,66.64,2398.0,78.0,96.0,1.12158203125,100.68,2.305,2626.98
5.49,66.79,2392.0,79.0,96.0,1.12158203125,100.68,2.305,2629.02
5.64,59.97,2398.0,80.0,96.0,1.12158203125,100.69,2.305,2631.08
5.73,65.64,2392.0,78.0,96.0,1.1923828125,100.68,2.305,2633.15
5.7,62.62,2398.0,78.0,94.0,1.1923828125,100.67,2.305,2635.21
5.55,61.11,2392.0,80.0,96.0,1.25732421875,100.67,2.305,2637.26
5.73,64.76,2392.0,78.0,96.0,1.25732421875,100.67,2.305,2639.31
5.69,60.53,2398.0,78.0,96.0,1.236328125,100.67,2.305,2641.36
6.29,64.76,2398.0,81.0,96.0,1.236328125,100.68,2.302,2643.43
5.53,69.69,2398.0,80.0,96.0,1.236328125,100.66,2.303,2645.48
5.74,66.43,2398.0,78.0,96.0,1.2978515625,100.67,2.303,2647.52
5.72,64.05,2398.0,78.0,96.0,1.2978515625,100.67,2.303,2649.58
5.7,64.86,2398.0,82.0,96.0,1.27392578125,100.68,2.303,2651.63
5.56,61.01,2392.0,78.0,96.0,1.27392578125,100.68,2.303,2653.67
5.76,66.22,2392.0,78.0,96.0,1.27392578125,100.69,2.303,2655.73
5.7,61.22,2398.0,79.0,96.0,1.251953125,100.68,2.303,2657.79
5.77,63.93,2398.0,78.0,96.0,1.251953125,100.68,2.303,2659.85
5.63,63.14,2398.0,77.0,96.0,1.2314453125,100.68,2.303,2661.9
5.77,64.91,2392.0,79.0,96.0,1.2314453125,100.68,2.303,2663.95
5.7,61.8,2392.0,78.0,96.0,1.2314453125,100.68,2.303,2666.01
5.52,60.77,2398.0,78.0,96.0,1.212890625,100.68,2.303,2668.06
5.9,63.33,2385.0,80.0,96.0,1.212890625,100.68,2.303,2670.15
5.7,70.5,2398.0,77.0,96.0,1.19580078125,100.68,2.303,2672.2
5.78,61.58,2392.0,79.0,96.0,1.19580078125,100.68,2.303,2674.26
5.67,65.34,2385.0,78.0,96.0,1.1796875,100.67,2.303,2676.32
5.68,60.46,2398.0,79.0,94.0,1.1796875,100.68,2.303,2678.38
5.76,61.72,2392.0,79.0,96.0,1.1796875,100.68,2.303,2680.44
5.61,61.28,2398.0,75.0,96.0,1.1650390625,100.67,2.303,2682.5
5.79,66.09,2392.0,80.0,96.0,1.1650390625,100.68,2.303,2684.56
5.69,64.31,2398.0,78.0,96.0,1.23193359375,100.69,2.303,2686.61
5.71,64.05,2385.0,78.0,96.0,1.23193359375,100.67,2.303,2688.66
5.62,62.57,2398.0,77.0,96.0,1.23193359375,100.67,2.303,2690.72
5.7,61.27,2392.0,79.0,96.0,1.212890625,100.66,2.303,2692.78
5.72,66.63,2385.0,82.0,96.0,1.212890625,100.67,2.303,2694.84
5.62,63.67,2398.0,78.0,96.0,1.19580078125,100.66,2.303,2696.9
5.6,60.83,2398.0,79.0,94.0,1.19580078125,100.68,2.303,2698.95
5.66,63.62,2398.0,78.0,96.0,1.19580078125,100.68,2.303,2701.02
6.08,61.46,2398.0,79.0,96.0,1.1796875,100.68,2.303,2703.07
5.68,62.1,2398.0,79.0,96.0,1.1796875,100.68,2.303,2705.13
5.61,66.04,2392.0,78.0,96.0,1.1650390625,100.69,2.303,2707.19
5.73,63.91,2392.0,79.0,96.0,1.1650390625,100.68,2.303,2709.25
5.85,61.44,2398.0,78.0,96.0,1.1513671875,100.68,2.303,2711.3
5.79,63.62,2392.0,78.0,96.0,1.1513671875,100.68,2.303,2713.36
5.48,62.57,2392.0,80.0,96.0,1.1513671875,100.67,2.303,2715.42
5.8,62.29,2392.0,78.0,96.0,1.13916015625,100.67,2.303,2717.48
5.76,73.11,2398.0,79.0,96.0,1.13916015625,100.67,2.303,2719.53
5.64,63.91,2392.0,80.0,96.0,1.20849609375,100.66,2.303,2721.6
5.61,61.94,2392.0,78.0,96.0,1.20849609375,100.66,2.303,2723.65
5.64,59.62,2398.0,77.0,96.0,1.20849609375,100.65,2.303,2725.7
5.89,63.81,2392.0,78.0,96.0,1.19140625,100.66,2.303,2727.83
5.78,63.08,2385.0,80.0,94.0,1.19140625,100.66,2.303,2729.89
5.61,64.69,2398.0,78.0,96.0,1.17578125,100.67,2.303,2731.95
5.66,65.38,2385.0,79.0,96.0,1.17578125,100.68,2.303,2734.01
5.65,61.61,2385.0,77.0,96.0,1.17578125,100.68,2.303,2736.06
5.66,65.36,2398.0,78.0,96.0,1.2421875,100.67,2.303,2738.12
5.63,62.66,2398.0,78.0,93.0,1.2421875,100.67,2.303,2740.17
5.59,66.68,2398.0,78.0,96.0,1.30322265625,100.67,2.303,2742.22
5.72,64.75,2385.0,79.0,96.0,1.30322265625,100.67,2.303,2744.27
5.66,65.64,2398.0,78.0,96.0,1.27880859375,100.69,2.303,2746.33
5.64,60.52,2398.0,78.0,96.0,1.27880859375,100.68,2.303,2748.37
5.52,62.47,2398.0,80.0,96.0,1.27880859375,100.68,2.303,2750.42
5.69,62.34,2392.0,78.0,96.0,1.25634765625,100.68,2.303,2752.47
5.67,67.51,2398.0,78.0,96.0,1.25634765625,100.68,2.303,2754.52
5.59,61.12,2398.0,79.0,96.0,1.2353515625,100.69,2.303,2756.57
5.69,60.32,2392.0,80.0,96.0,1.2353515625,100.69,2.303,2758.63
5.93,63.19,2398.0,74.0,96.0,1.2353515625,100.67,2.303,2760.77
6.14,64.82,2385.0,79.0,94.0,1.21630859375,100.69,2.303,2762.82
5.72,63.81,2392.0,76.0,96.0,1.21630859375,100.69,2.303,2764.87
5.61,63.68,2398.0,79.0,96.0,1.19873046875,100.68,2.303,2766.93
5.76,60.93,2392.0,78.0,96.0,1.19873046875,100.68,2.303,2768.99
5.75,67.78,2398.0,79.0,96.0,1.19873046875,100.68,2.303,2771.05
5.61,61.42,2392.0,74.0,94.0,1.1826171875,100.67,2.303,2773.1
5.59,63.68,2398.0,81.0,96.0,1.1826171875,100.67,2.303,2775.15
5.77,67.26,2392.0,78.0,96.0,1.16796875,100.67,2.303,2777.2
5.69,60.54,2392.0,80.0,96.0,1.16796875,100.67,2.303,2779.25
5.72,61.21,2398.0,77.0,96.0,1.23486328125,100.67,2.303,2781.32
5.55,63.86,2392.0,78.0,96.0,1.23486328125,100.67,2.303,2783.38
5.73,63.47,2398.0,74.0,95.0,1.23486328125,100.67,2.303,2785.43
5.67,64.25,2385.0,79.0,96.0,1.29638671875,100.67,2.303,2787.49
5.69,66.03,2398.0,78.0,96.0,1.29638671875,100.68,2.303,2789.54
5.56,59.93,2398.0,74.0,96.0,1.2724609375,100.68,2.303,2791.6
5.7,62.84,2398.0,78.0,96.0,1.2724609375,100.69,2.303,2793.66
5.64,61.82,2385.0,78.0,96.0,1.2724609375,100.68,2.303,2795.72
5.77,60.48,2392.0,78.0,96.0,1.25048828125,100.66,2.303,2797.77
5.6,62.15,2392.0,78.0,95.0,1.25048828125,100.67,2.303,2799.83
5.75,62.15,2392.0,79.0,96.0,1.22998046875,100.67,2.303,2801.88
5.74,64.94,2398.0,78.0,96.0,1.22998046875,100.67,2.303,2803.94
5.58,61.31,2392.0,79.0,96.0,1.22998046875,100.67,2.303,2805.99
5.75,62.18,2392.0,80.0,96.0,1.21142578125,100.68,2.303,2808.05
5.62,61.59,2392.0,78.0,96.0,1.21142578125,100.66,2.303,2810.11
5.85,63.06,2392.0,79.0,96.0,1.1943359375,100.65,2.303,2812.23
5.72,60.56,2398.0,78.0,96.0,1.1943359375,100.66,2.303,2814.29
5.59,65.19,2392.0,78.0,96.0,1.1787109375,100.67,2.303,2816.35
5.72,61.53,2398.0,78.0,96.0,1.1787109375,100.67,2.303,2818.41
5.62,63.61,2385.0,78.0,96.0,1.1787109375,100.67,2.303,2820.47
6.02,60.68,2392.0,79.0,96.0,1.24462890625,100.68,2.303,2822.52
5.82,60.97,2398.0,79.0,96.0,1.24462890625,100.68,2.303,2824.59
5.62,60.63,2392.0,78.0,96.0,1.30517578125,100.68,2.303,2826.65
5.79,61.87,2398.0,80.0,93.0,1.30517578125,100.69,2.303,2828.71
5.71,65.78,2398.0,78.0,96.0,1.30517578125,100.69,2.303,2830.77
5.61,62.32,2392.0,80.0,96.0,1.2802734375,100.69,2.303,2832.83
5.6,67.65,2398.0,78.0,96.0,1.2802734375,100.68,2.303,2834.89
5.67,60.66,2392.0,80.0,96.0,1.2578125,100.67,2.303,2836.94
5.83,62.47,2392.0,79.0,96.0,1.2578125,100.67,2.303,2839.06
5.64,62.77,2398.0,78.0,96.0,1.2578125,100.67,2.303,2841.11
5.65,60.53,2392.0,74.0,96.0,1.23681640625,100.66,2.303,2843.17
5.75,64.35,2385.0,78.0,96.0,1.23681640625,100.67,2.303,2845.27
5.71,63.39,2392.0,78.0,96.0,1.2177734375,100.66,2.303,2847.34
5.73,61.23,2398.0,75.0,96.0,1.2177734375,100.67,2.303,2849.39
5.54,61.54,2398.0,74.0,96.0,1.2001953125,100.67,2.303,2851.45
5.67,61.09,2392.0,78.0,96.0,1.2001953125,100.67,2.303,2853.51
5.89,61.38,2398.0,78.0,96.0,1.2001953125,100.68,2.303,2855.65
5.76,59.97,2392.0,74.0,95.0,1.18408203125,100.68,2.303,2857.71
5.67,63.79,2392.0,78.0,96.0,1.18408203125,100.69,2.303,2859.77
5.63,60.67,2398.0,78.0,93.0,1.1689453125,100.69,2.303,2861.83
5.72,69.29,2398.0,79.0,96.0,1.1689453125,100.69,2.303,2863.9
5.65,66.31,2398.0,78.0,96.0,1.1689453125,100.69,2.303,2865.96
5.83,62.4,2398.0,80.0,96.0,1.1552734375,100.69,2.303,2868.01
5.6,61.12,2392.0,78.0,96.0,1.1552734375,100.68,2.303,2870.06
5.69,66.79,2392.0,79.0,96.0,1.30322265625,100.68,2.303,2872.13
5.66,63.87,2398.0,78.0,96.0,1.30322265625,100.69,2.303,2874.19
5.66,61.5,2398.0,80.0,96.0,1.30322265625,100.68,2.303,2876.24
5.51,60.64,2398.0,78.0,96.0,1.359375,100.69,2.303,2878.31
5.75,61.62,2392.0,74.0,96.0,1.359375,100.69,2.303,2880.37
5.62,61.95,2392.0,80.0,96.0,1.33056640625,100.69,2.303,2882.43
6.26,62.6,2385.0,77.0,96.0,1.33056640625,100.68,2.303,2884.55
5.61,60.95,2398.0,79.0,96.0,1.3037109375,100.69,2.303,2886.6
5.64,61.49,2392.0,78.0,96.0,1.3037109375,100.69,2.303,2888.66
5.71,65.28,2392.0,78.0,96.0,1.3037109375,100.69,2.303,2890.73
5.59,63.02,2398.0,81.0,96.0,1.279296875,100.69,2.303,2892.78
5.68,64.24,2398.0,78.0,96.0,1.279296875,100.69,2.303,2894.84
5.69,60.46,2398.0,78.0,96.0,1.2568359375,100.69,2.303,2896.89
5.68,62.34,2398.0,79.0,96.0,1.2568359375,100.68,2.303,2898.94
5.71,65.43,2398.0,79.0,96.0,1.2568359375,100.69,2.303,2901.01
5.63,61.1,2398.0,74.0,95.0,1.23583984375,100.69,2.303,2903.05
5.62,60.21,2392.0,79.0,96.0,1.23583984375,100.69,2.303,2905.1
5.62,60.01,2398.0,80.0,96.0,1.216796875,100.69,2.303,2907.16
5.72,61.93,2398.0,79.0,96.0,1.216796875,100.69,2.303,2909.22
5.63,66.12,2392.0,79.0,96.0,1.216796875,100.7,2.303,2911.27
5.57,60.93,2392.0,74.0,96.0,1.35986328125,100.7,2.303,2913.31
5.77,59.31,2398.0,78.0,96.0,1.35986328125,100.7,2.303,2915.37
5.64,60.74,2398.0,74.0,96.0,1.33056640625,100.7,2.303,2917.44
5.68,63.63,2398.0,78.0,94.0,1.33056640625,100.71,2.303,2919.5
5.54,60.99,2392.0,81.0,96.0,1.3037109375,100.7,2.303,2921.55
5.85,66.51,2398.0,78.0,95.0,1.3037109375,100.7,2.303,2923.69
5.66,61.98,2392.0,80.0,96.0,1.3037109375,100.7,2.303,2925.74
5.71,66.12,2392.0,78.0,95.0,1.279296875,100.7,2.303,2927.79
5.65,60.45,2392.0,78.0,96.0,1.279296875,100.7,2.303,2929.85
5.65,63.55,2398.0,78.0,96.0,1.2568359375,100.7,2.303,2931.9
5.76,63.56,2385.0,79.0,96.0,1.2568359375,100.69,2.303,2933.96
5.68,62.61,2398.0,79.0,93.0,1.2568359375,100.69,2.303,2936.02
5.57,68.34,2398.0,78.0,96.0,1.23583984375,100.69,2.303,2938.07
5.68,65.51,2398.0,79.0,96.0,1.23583984375,100.71,2.303,2940.14
5.68,61.14,2392.0,75.0,95.0,1.216796875,100.7,2.303,2942.19
6.28,64.51,2398.0,79.0,96.0,1.216796875,100.69,2.303,2944.24
5.58,60.26,2398.0,78.0,96.0,1.19921875,100.7,2.304,2946.31
5.72,63.68,2392.0,79.0,96.0,1.19921875,100.7,2.304,2948.37
5.67,67.8,2398.0,79.0,96.0,1.19921875,100.69,2.304,2950.42
5.65,61.51,2385.0,78.0,96.0,1.18310546875,100.69,2.304,2952.47
5.55,60.81,2398.0,78.0,96.0,1.18310546875,100.69,2.304,2954.53
5.99,64.22,2398.0,78.0,96.0,1.24853515625,100.7,2.304,2956.65
5.78,62.48,2385.0,78.0,95.0,1.24853515625,100.7,2.304,2958.72
5.72,65.59,2392.0,79.0,96.0,1.24853515625,100.7,2.304,2960.77
5.6,62.48,2385.0,79.0,96.0,1.228515625,100.7,2.304,2962.82
5.71,62.54,2398.0,77.0,96.0,1.228515625,100.69,2.304,2964.87
5.69,63.06,2392.0,79.0,96.0,1.2099609375,100.69,2.304,2966.93
5.76,61.91,2392.0,78.0,96.0,1.2099609375,100.7,2.304,2969.0
5.59,63.48,2398.0,78.0,96.0,1.2099609375,100.69,2.304,2971.05
5.73,63.63,2392.0,78.0,96.0,1.19287109375,100.68,2.304,2973.11
5.73,60.35,2392.0,78.0,96.0,1.19287109375,100.69,2.304,2975.17
5.65,63.92,2385.0,78.0,96.0,1.2578125,100.69,2.304,2977.23
5.63,64.31,2392.0,78.0,96.0,1.2578125,100.67,2.304,2979.27
5.68,61.48,2398.0,74.0,95.0,1.23681640625,100.69,2.304,2981.32
5.74,60.82,2392.0,78.0,96.0,1.23681640625,100.7,2.304,2983.38
5.58,63.67,2398.0,78.0,96.0,1.23681640625,100.69,2.304,2985.45
5.75,59.74,2392.0,78.0,96.0,1.2177734375,100.7,2.304,2987.5
5.9,62.94,2385.0,79.0,95.0,1.2177734375,100.7,2.304,2989.6
5.74,60.82,2392.0,80.0,96.0,1.2001953125,100.7,2.304,2991.66
5.65,62.46,2385.0,77.0,96.0,1.2001953125,100.7,2.304,2993.72
5.69,62.44,2398.0,80.0,96.0,1.2001953125,100.7,2.304,2995.78
5.64,64.96,2398.0,78.0,96.0,1.18408203125,100.7,2.304,2997.84
5.7,60.12,2398.0,77.0,96.0,1.18408203125,100.69,2.304,2999.89
5.63,64.21,2398.0,79.0,96.0,1.1689453125,100.68,2.304,3001.95
6.07,62.21,2398.0,78.0,96.0,1.1689453125,100.68,2.304,3004.0
5.71,63.12,2392.0,77.0,96.0,1.1689453125,100.7,2.304,3006.07
5.68,65.32,2398.0,77.0,96.0,1.1552734375,100.7,2.304,3008.12
5.6,65.77,2398.0,78.0,96.0,1.1552734375,100.68,2.304,3010.17
5.71,63.75,2392.0,81.0,96.0,1.22314453125,100.68,2.304,3012.23
5.64,60.86,2392.0,78.0,96.0,1.22314453125,100.68,2.304,3014.28
5.69,64.87,2392.0,78.0,96.0,1.205078125,100.68,2.304,3016.35
5.59,64.48,2392.0,79.0,96.0,1.205078125,100.68,2.304,3018.39
5.68,62.75,2392.0,74.0,95.0,1.205078125,100.68,2.304,3020.44
5.64,67.34,2392.0,78.0,96.0,1.1884765625,100.69,2.304,3022.49
5.66,63.45,2398.0,77.0,96.0,1.1884765625,100.69,2.304,3024.55
5.61,56.54,2392.0,79.0,96.0,1.17333984375,100.69,2.304,3026.6
5.59,62.16,2385.0,78.0,95.0,1.17333984375,100.68,2.304,3028.66
5.59,63.85,2398.0,78.0,96.0,1.17333984375,100.67,2.304,3030.71
5.54,64.24,2398.0,79.0,96.0,1.1591796875,100.68,2.304,3032.76
5.75,63.42,2385.0,78.0,95.0,1.1591796875,100.68,2.304,3034.82
5.5,60.98,2392.0,79.0,96.0,1.14599609375,100.68,2.304,3036.86
5.63,68.2,2398.0,79.0,96.0,1.14599609375,100.69,2.304,3038.92
5.69,64.6,2398.0,79.0,96.0,1.14599609375,100.68,2.304,3040.97
5.61,60.75,2392.0,78.0,96.0,1.21484375,100.68,2.304,3043.02
5.55,62.95,2398.0,78.0,96.0,1.21484375,100.67,2.304,3045.07
5.79,61.77,2392.0,79.0,96.0,1.197265625,100.68,2.304,3047.15
5.73,63.47,2398.0,79.0,96.0,1.197265625,100.68,2.304,3049.2
5.63,62.57,2385.0,80.0,96.0,1.197265625,100.68,2.304,3051.25
5.52,61.24,2392.0,78.0,96.0,1.18115234375,100.68,2.304,3053.3
5.72,62.72,2398.0,78.0,96.0,1.18115234375,100.67,2.304,3055.36
5.63,60.42,2398.0,77.0,96.0,1.16650390625,100.65,2.304,3057.41
5.67,60.84,2398.0,80.0,96.0,1.16650390625,100.67,2.304,3059.46
5.55,65.12,2385.0,82.0,96.0,1.15283203125,100.67,2.304,3061.51
5.9,63.0,2385.0,78.0,96.0,1.15283203125,100.67,2.304,3063.55
5.66,64.3,2398.0,79.0,96.0,1.15283203125,100.68,2.304,3065.6
5.65,61.57,2398.0,80.0,96.0,1.14013671875,100.68,2.304,3067.64
5.61,61.74,2398.0,78.0,94.0,1.14013671875,100.68,2.304,3069.69
5.59,62.24,2392.0,79.0,96.0,1.12890625,100.68,2.304,3071.74
5.71,60.05,2392.0,78.0,96.0,1.12890625,100.68,2.304,3073.8
5.66,64.42,2398.0,78.0,93.0,1.12890625,100.68,2.302,3075.85
5.62,66.15,2392.0,81.0,96.0,1.1181640625,100.68,2.303,3077.89
5.86,61.78,2398.0,78.0,96.0,1.1181640625,100.68,2.303,3079.95
5.67,62.98,2392.0,75.0,96.0,1.1083984375,100.68,2.303,3082.01
5.53,60.51,2398.0,78.0,96.0,1.1083984375,100.68,2.303,3084.06
5.64,67.16,2392.0,78.0,96.0,1.1083984375,100.68,2.303,3086.12
5.52,63.03,2398.0,78.0,96.0,1.099609375,100.68,2.303,3088.17
5.82,62.24,2392.0,80.0,96.0,1.099609375,100.68,2.303,3090.21
5.67,66.77,2392.0,78.0,96.0,1.09130859375,100.68,2.303,3092.26
5.6,59.74,2398.0,80.0,96.0,1.09130859375,100.67,2.303,3094.3
5.64,59.14,2398.0,78.0,96.0,1.083984375,100.67,2.303,3096.36
6.0,61.13,2398.0,78.0,96.0,1.083984375,100.68,2.303,3098.48
5.66,62.81,2398.0,80.0,96.0,1.083984375,100.68,2.303,3100.53
5.63,60.96,2392.0,79.0,96.0,1.0771484375,100.68,2.303,3102.58
5.58,62.64,2385.0,81.0,96.0,1.0771484375,100.67,2.302,3104.63
5.69,65.18,2392.0,74.0,95.0,1.07080078125,100.67,2.303,3106.67
5.75,61.57,2398.0,74.0,95.0,1.07080078125,100.67,2.303,3108.72
5.55,60.62,2398.0,75.0,96.0,1.07080078125,100.68,2.303,3110.77
5.78,65.07,2398.0,78.0,96.0,1.06494140625,100.68,2.303,3112.88
5.67,60.38,2392.0,78.0,96.0,1.06494140625,100.68,2.303,3114.93
5.68,66.65,2385.0,78.0,94.0,1.0595703125,100.68,2.303,3117.01
5.72,63.65,2385.0,78.0,95.0,1.0595703125,100.68,2.303,3119.05
5.63,61.22,2392.0,79.0,96.0,1.0595703125,100.68,2.303,3121.1
5.71,62.36,2398.0,78.0,96.0,1.0546875,100.67,2.303,3123.16
5.97,62.81,2398.0,80.0,96.0,1.0546875,100.67,2.303,3125.21
5.62,63.33,2392.0,78.0,96.0,1.05029296875,100.67,2.303,3127.26
5.72,62.64,2392.0,78.0,96.0,1.05029296875,100.68,2.303,3129.33
5.73,65.25,2385.0,78.0,96.0,1.0458984375,100.67,2.303,3131.38
5.69,65.88,2392.0,78.0,96.0,1.0458984375,100.67,2.303,3133.44
5.61,62.18,2398.0,74.0,95.0,1.0458984375,100.67,2.303,3135.49
5.72,60.47,2398.0,76.0,95.0,1.0419921875,100.67,2.303,3137.55
5.84,60.87,2392.0,78.0,96.0,1.0419921875,100.66,2.303,3139.61
5.76,63.6,2398.0,81.0,96.0,1.03857421875,100.66,2.303,3141.67
5.61,65.93,2385.0,78.0,96.0,1.03857421875,100.66,2.303,3143.73
5.6,61.65,2398.0,78.0,96.0,1.03857421875,100.66,2.303,3145.78
5.66,65.24,2392.0,78.0,95.0,1.03515625,100.66,2.303,3147.84
5.64,63.83,2392.0,78.0,96.0,1.03515625,100.66,2.303,3149.89
5.6,63.69,2392.0,79.0,96.0,1.0322265625,100.66,2.303,3151.95
5.76,61.76,2385.0,79.0,96.0,1.0322265625,100.66,2.303,3154.01
5.71,63.33,2398.0,78.0,96.0,1.0322265625,100.66,2.303,3156.07
5.66,62.44,2385.0,79.0,96.0,1.029296875,100.67,2.303,3158.13
5.59,64.34,2398.0,78.0,96.0,1.029296875,100.68,2.303,3160.19
5.77,62.16,2392.0,80.0,96.0,1.02685546875,100.67,2.303,3162.24
5.72,59.65,2392.0,79.0,96.0,1.02685546875,100.66,2.303,3164.28
5.65,64.49,2392.0,80.0,96.0,1.0244140625,100.68,2.303,3166.35
5.56,57.64,2392.0,78.0,96.0,1.0244140625,100.68,2.303,3168.41
5.78,61.75,2392.0,78.0,96.0,1.0244140625,100.68,2.303,3170.49
5.73,61.44,2385.0,79.0,96.0,1.02197265625,100.68,2.303,3172.55
5.74,61.64,2398.0,79.0,96.0,1.02197265625,100.68,2.303,3174.61
5.58,63.88,2392.0,79.0,94.0,1.02001953125,100.68,2.303,3176.67
5.75,62.85,2392.0,78.0,96.0,1.02001953125,100.68,2.303,3178.72
5.79,62.26,2398.0,78.0,96.0,1.02001953125,100.67,2.303,3180.78
5.63,65.16,2398.0,79.0,96.0,1.01806640625,100.68,2.302,3182.85
5.9,61.26,2392.0,78.0,96.0,1.01806640625,100.67,2.303,3184.89
5.74,62.04,2392.0,78.0,96.0,1.0166015625,100.67,2.303,3186.94
5.74,60.23,2398.0,77.0,96.0,1.0166015625,100.68,2.303,3189.0
5.83,57.72,2392.0,78.0,94.0,1.0166015625,100.67,2.303,3191.13
5.56,62.1,2398.0,78.0,95.0,1.01513671875,100.67,2.303,3193.18
5.73,62.33,2398.0,74.0,96.0,1.01513671875,100.67,2.303,3195.24
5.67,62.57,2392.0,79.0,93.0,1.09423828125,100.68,2.303,3197.29
5.62,61.83,2398.0,74.0,96.0,1.09423828125,100.68,2.303,3199.35
5.78,63.15,2385.0,80.0,96.0,1.08642578125,100.67,2.303,3201.39
5.62,69.42,2392.0,79.0,96.0,1.08642578125,100.66,2.303,3203.44
5.73,60.4,2398.0,74.0,95.0,1.08642578125,100.67,2.303,3205.51
5.61,62.41,2392.0,78.0,96.0,1.0791015625,100.67,2.303,3207.57
5.78,61.74,2398.0,74.0,95.0,1.0791015625,100.66,2.303,3209.62
5.71,66.01,2398.0,80.0,96.0,1.07275390625,100.67,2.303,3211.68
5.7,60.56,2392.0,78.0,96.0,1.07275390625,100.66,2.303,3213.73
5.76,66.15,2392.0,78.0,96.0,1.07275390625,100.67,2.303,3215.79
5.69,66.89,2398.0,81.0,96.0,1.06689453125,100.66,2.303,3217.84
5.77,62.66,2392.0,78.0,96.0,1.06689453125,100.65,2.303,3219.89
5.6,62.13,2392.0,78.0,96.0,1.0615234375,100.66,2.303,3221.95
5.63,64.28,2392.0,78.0,95.0,1.0615234375,100.66,2.303,3224.01
5.68,67.45,2398.0,81.0,96.0,1.0615234375,100.66,2.303,3226.06
5.65,60.43,2398.0,78.0,96.0,1.05615234375,100.67,2.303,3228.11
5.64,63.24,2392.0,80.0,96.0,1.05615234375,100.67,2.303,3230.17
5.69,63.83,2398.0,78.0,96.0,1.1318359375,100.67,2.303,3232.23
5.72,67.12,2392.0,78.0,96.0,1.1318359375,100.68,2.303,3234.28
5.67,63.64,2392.0,78.0,96.0,1.1318359375,100.68,2.302,3236.33
5.57,62.49,2398.0,79.0,96.0,1.28173828125,100.67,2.303,3238.38
5.76,60.14,2392.0,74.0,95.0,1.28173828125,100.67,2.303,3240.44
5.85,63.78,2392.0,81.0,96.0,1.2587890625,100.67,2.303,3242.55
6.14,67.21,2398.0,78.0,96.0,1.2587890625,100.67,2.303,3244.6
5.6,69.49,2398.0,77.0,96.0,1.23779296875,100.68,2.303,3246.66
5.65,65.3,2392.0,78.0,96.0,1.23779296875,100.68,2.303,3248.7
5.75,63.47,2392.0,74.0,95.0,1.23779296875,100.67,2.303,3250.76
5.7,61.3,2398.0,79.0,94.0,1.21875,100.67,2.303,3252.82
5.58,59.92,2392.0,77.0,96.0,1.21875,100.67,2.303,3254.88
5.82,57.74,2392.0,79.0,96.0,1.201171875,100.68,2.303,3256.95
5.79,63.5,2392.0,79.0,96.0,1.201171875,100.68,2.303,3259.05
5.73,61.4,2398.0,80.0,96.0,1.201171875,100.67,2.303,3261.1
5.53,63.39,2392.0,74.0,96.0,1.18505859375,100.68,2.303,3263.15
5.64,59.86,2398.0,82.0,96.0,1.18505859375,100.67,2.303,3265.21
5.86,56.55,2392.0,78.0,95.0,1.169921875,100.68,2.303,3267.34
5.82,61.65,2385.0,78.0,96.0,1.169921875,100.68,2.303,3269.41
5.63,63.63,2392.0,78.0,96.0,1.15625,100.67,2.303,3271.46
5.67,61.4,2392.0,78.0,96.0,1.15625,100.67,2.303,3273.52
5.72,62.03,2398.0,79.0,96.0,1.15625,100.67,2.303,3275.58
5.72,61.12,2392.0,80.0,96.0,1.22412109375,100.67,2.303,3277.64
5.75,64.75,2385.0,78.0,96.0,1.22412109375,100.69,2.303,3279.74
5.57,61.48,2392.0,78.0,96.0,1.2060546875,100.69,2.303,3281.79
5.85,63.54,2398.0,74.0,95.0,1.2060546875,100.69,2.303,3283.85
5.72,64.98,2385.0,83.0,96.0,1.2060546875,100.68,2.303,3285.91
5.52,60.54,2398.0,80.0,96.0,1.35009765625,100.68,2.302,3287.95
5.73,60.91,2392.0,78.0,96.0,1.35009765625,100.68,2.303,3290.01
5.77,61.96,2392.0,80.0,96.0,1.32177734375,100.68,2.303,3292.07
5.85,62.6,2398.0,80.0,96.0,1.32177734375,100.68,2.303,3294.13
5.64,61.2,2398.0,80.0,96.0,1.32177734375,100.68,2.303,3296.19
5.65,64.82,2398.0,78.0,96.0,1.2958984375,100.68,2.303,3298.25
5.6,63.19,2398.0,79.0,96.0,1.2958984375,100.68,2.303,3300.29
5.72,63.26,2398.0,74.0,96.0,1.27197265625,100.68,2.303,3302.34
5.98,70.57,2385.0,81.0,94.0,1.27197265625,100.68,2.303,3304.4
5.69,62.95,2398.0,81.0,96.0,1.25,100.68,2.303,3306.45
5.7,60.13,2392.0,77.0,96.0,1.25,100.69,2.303,3308.51
5.71,65.82,2398.0,78.0,96.0,1.25,100.69,2.303,3310.57
5.7,60.97,2392.0,78.0,96.0,1.22998046875,100.68,2.303,3312.63
5.74,60.96,2392.0,81.0,96.0,1.22998046875,100.68,2.302,3314.69
5.72,62.08,2398.0,79.0,96.0,1.21142578125,100.68,2.302,3316.75
5.59,63.26,2392.0,78.0,96.0,1.21142578125,100.69,2.303,3318.8
5.72,62.19,2398.0,79.0,96.0,1.21142578125,100.69,2.303,3320.86
5.7,60.98,2392.0,80.0,96.0,1.1943359375,100.69,2.303,3322.92
5.82,57.0,2392.0,79.0,96.0,1.1943359375,100.69,2.303,3324.99
5.56,61.48,2385.0,79.0,96.0,1.1787109375,100.69,2.303,3327.05
5.8,64.55,2392.0,79.0,95.0,1.1787109375,100.69,2.303,3329.1
5.58,63.12,2392.0,78.0,96.0,1.1787109375,100.7,2.303,3331.15
5.76,62.38,2392.0,81.0,94.0,1.1640625,100.7,2.303,3333.21
5.59,61.26,2385.0,78.0,96.0,1.1640625,100.69,2.303,3335.27
5.72,63.74,2385.0,79.0,96.0,1.15087890625,100.69,2.303,3337.32
5.65,65.75,2398.0,78.0,96.0,1.15087890625,100.68,2.303,3339.37
5.68,62.88,2398.0,78.0,96.0,1.138671875,100.68,2.303,3341.43
5.59,63.76,2398.0,74.0,96.0,1.138671875,100.68,2.303,3343.47
5.72,61.26,2392.0,78.0,96.0,1.138671875,100.68,2.303,3345.52
5.59,59.56,2398.0,74.0,95.0,1.2080078125,100.68,2.303,3347.58
5.79,61.73,2385.0,79.0,96.0,1.2080078125,100.69,2.303,3349.65
5.71,62.04,2398.0,74.0,95.0,1.19091796875,100.69,2.303,3351.7
5.73,62.93,2398.0,79.0,93.0,1.19091796875,100.69,2.303,3353.76
5.67,64.69,2398.0,78.0,96.0,1.19091796875,100.68,2.303,3355.82
5.59,61.69,2398.0,74.0,95.0,1.17529296875,100.68,2.303,3357.88
5.73,65.39,2398.0,80.0,96.0,1.17529296875,100.67,2.303,3359.93
5.77,62.91,2392.0,79.0,96.0,1.1611328125,100.67,2.303,3361.99
5.89,63.06,2398.0,79.0,93.0,1.1611328125,100.67,2.302,3364.04
5.69,61.64,2392.0,78.0,96.0,1.1611328125,100.67,2.302,3366.09
5.83,65.02,2398.0,78.0,96.0,1.14794921875,100.66,2.303,3368.21
5.63,64.99,2392.0,78.0,96.0,1.14794921875,100.65,2.303,3370.25
5.64,62.87,2385.0,81.0,96.0,1.1357421875,100.66,2.303,3372.3
5.67,61.1,2392.0,78.0,96.0,1.1357421875,100.67,2.303,3374.34
5.61,60.79,2385.0,79.0,96.0,1.12451171875,100.67,2.303,3376.39
5.82,64.29,2385.0,78.0,95.0,1.12451171875,100.66,2.303,3378.45
5.8,63.1,2392.0,78.0,96.0,1.12451171875,100.66,2.303,3380.48
5.48,64.43,2385.0,79.0,96.0,1.1142578125,100.67,2.303,3382.54
5.65,64.45,2398.0,79.0,96.0,1.1142578125,100.67,2.303,3384.59
5.67,60.28,2398.0,74.0,95.0,1.10498046875,100.67,2.303,3386.63
5.72,56.75,2392.0,78.0,96.0,1.10498046875,100.67,2.303,3388.72
5.79,64.73,2392.0,78.0,96.0,1.10498046875,100.67,2.303,3390.82
5.52,63.21,2398.0,78.0,96.0,1.09619140625,100.67,2.303,3392.86
5.68,65.86,2398.0,79.0,96.0,1.09619140625,100.68,2.303,3394.9
5.62,62.36,2398.0,79.0,93.0,1.08837890625,100.68,2.303,3396.95
5.59,64.36,2405.0,79.0,96.0,1.08837890625,100.67,2.303,3398.99
5.5,62.31,2398.0,80.0,96.0,1.08837890625,100.67,2.303,3401.03
5.75,61.48,2392.0,78.0,96.0,1.0810546875,100.67,2.303,3403.08
5.68,67.11,2398.0,80.0,96.0,1.0810546875,100.67,2.303,3405.14
5.66,62.6,2385.0,81.0,96.0,1.07421875,100.67,2.303,3407.19
5.56,62.78,2392.0,78.0,96.0,1.07421875,100.67,2.303,3409.24
5.71,59.84,2398.0,74.0,96.0,1.07421875,100.68,2.303,3411.28
5.73,65.84,2392.0,78.0,96.0,1.06787109375,100.68,2.303,3413.33
5.6,61.08,2398.0,78.0,96.0,1.06787109375,100.67,2.303,3415.38
5.67,65.18,2398.0,78.0,96.0,1.06201171875,100.65,2.303,3417.43
5.77,61.26,2398.0,78.0,96.0,1.06201171875,100.67,2.303,3419.48
5.66,64.11,2392.0,79.0,94.0,1.056640625,100.67,2.303,3421.55
5.73,66.87,2398.0,81.0,96.0,1.056640625,100.67,2.303,3423.66
6.36,59.49,2398.0,74.0,95.0,1.056640625,100.66,2.303,3425.71
5.7,64.06,2398.0,78.0,96.0,1.0517578125,100.67,2.303,3427.77
5.68,61.66,2405.0,80.0,96.0,1.0517578125,100.66,2.303,3429.81
5.64,61.87,2392.0,78.0,95.0,1.04736328125,100.66,2.303,3431.86
5.65,65.79,2398.0,79.0,96.0,1.04736328125,100.66,2.303,3433.92
5.65,59.96,2398.0,78.0,96.0,1.04736328125,100.67,2.303,3435.97
5.82,59.81,2398.0,78.0,96.0,1.1240234375,100.67,2.303,3438.06
5.62,66.37,2398.0,78.0,96.0,1.1240234375,100.67,2.303,3440.11
5.58,60.47,2392.0,79.0,96.0,1.11376953125,100.67,2.303,3442.16
5.64,65.59,2398.0,81.0,96.0,1.11376953125,100.67,2.303,3444.21
5.69,67.51,2398.0,79.0,96.0,1.11376953125,100.67,2.303,3446.24
5.53,61.25,2398.0,80.0,96.0,1.1044921875,100.68,2.303,3448.28
5.87,61.58,2392.0,79.0,96.0,1.1044921875,100.67,2.303,3450.34
5.72,61.6,2392.0,79.0,96.0,1.095703125,100.67,2.303,3452.39
5.62,59.89,2398.0,80.0,96.0,1.095703125,100.67,2.303,3454.44
5.82,63.27,2398.0,74.0,96.0,1.087890625,100.66,2.303,3456.55
5.71,65.67,2392.0,80.0,93.0,1.087890625,100.66,2.303,3458.6
5.72,62.92,2398.0,80.0,96.0,1.087890625,100.66,2.303,3460.65
5.66,64.69,2398.0,80.0,96.0,1.08056640625,100.65,2.303,3462.71
5.53,65.67,2398.0,78.0,96.0,1.08056640625,100.65,2.303,3464.77
5.66,60.24,2398.0,78.0,96.0,1.07373046875,100.65,2.303,3466.83
5.76,61.44,2398.0,79.0,93.0,1.07373046875,100.66,2.303,3468.93
5.74,66.01,2398.0,79.0,96.0,1.07373046875,100.66,2.302,3470.99
5.65,62.73,2392.0,80.0,96.0,1.0673828125,100.67,2.303,3473.04
5.73,64.29,2398.0,78.0,96.0,1.0673828125,100.67,2.303,3475.11
5.61,61.42,2398.0,79.0,96.0,1.14208984375,100.67,2.303,3477.16
5.82,62.2,2392.0,79.0,94.0,1.14208984375,100.67,2.303,3479.27
5.65,60.4,2392.0,77.0,96.0,1.14208984375,100.68,2.303,3481.33
5.64,63.1,2398.0,81.0,96.0,1.13037109375,100.67,2.303,3483.38
6.21,65.97,2392.0,79.0,96.0,1.13037109375,100.67,2.303,3485.43
5.68,57.14,2385.0,79.0,96.0,1.11962890625,100.67,2.303,3487.48
5.66,62.51,2398.0,78.0,96.0,1.11962890625,100.68,2.303,3489.55
5.65,66.04,2398.0,80.0,96.0,1.10986328125,100.69,2.303,3491.6
5.71,63.66,2398.0,78.0,96.0,1.10986328125,100.68,2.303,3493.66
5.62,64.53,2398.0,80.0,96.0,1.10986328125,100.68,2.303,3495.71
5.56,62.55,2398.0,80.0,96.0,1.18115234375,100.68,2.303,3497.76
5.94,67.31,2398.0,81.0,96.0,1.18115234375,100.68,2.303,3499.9
5.69,60.28,2392.0,78.0,96.0,1.16650390625,100.67,2.303,3501.95
5.85,65.64,2398.0,79.0,96.0,1.16650390625,100.68,2.303,3504.05
5.66,62.59,2398.0,78.0,96.0,1.16650390625,100.68,2.303,3506.1
5.7,61.72,2398.0,76.0,95.0,1.15283203125,100.68,2.303,3508.23
5.74,63.89,2398.0,78.0,96.0,1.15283203125,100.67,2.303,3510.29
5.79,60.78,2392.0,79.0,96.0,1.14013671875,100.66,2.303,3512.35
5.66,63.98,2385.0,79.0,96.0,1.14013671875,100.67,2.303,3514.4
5.57,60.79,2398.0,78.0,96.0,1.12890625,100.67,2.303,3516.45
5.82,60.92,2398.0,80.0,96.0,1.12890625,100.67,2.304,3518.58
5.66,66.49,2398.0,77.0,96.0,1.12890625,100.67,2.304,3520.64
5.68,67.72,2385.0,78.0,96.0,1.1181640625,100.67,2.304,3522.7
5.59,60.42,2398.0,75.0,96.0,1.1181640625,100.67,2.304,3524.76
5.77,64.23,2392.0,79.0,95.0,1.18896484375,100.67,2.303,3526.89
5.74,67.04,2398.0,78.0,96.0,1.18896484375,100.65,2.303,3528.95
5.67,64.17,2398.0,78.0,96.0,1.18896484375,100.65,2.303,3531.0
5.7,65.5,2392.0,80.0,95.0,1.173828125,100.66,2.303,3533.03
5.61,61.24,2392.0,78.0,95.0,1.173828125,100.65,2.303,3535.08
5.73,62.65,2398.0,74.0,96.0,1.240234375,100.65,2.303,3537.14
5.78,61.0,2398.0,77.0,96.0,1.240234375,100.67,2.303,3539.19
5.67,60.74,2392.0,78.0,96.0,1.240234375,100.67,2.303,3541.25
5.66,60.31,2392.0,78.0,96.0,1.220703125,100.68,2.303,3543.31
6.04,65.02,2385.0,82.0,96.0,1.220703125,100.68,2.303,3545.37
5.63,63.48,2398.0,78.0,96.0,1.20263671875,100.68,2.303,3547.42
5.64,64.16,2385.0,80.0,96.0,1.20263671875,100.69,2.303,3549.49
5.76,67.43,2398.0,78.0,96.0,1.18603515625,100.69,2.303,3551.54
5.75,61.09,2398.0,78.0,96.0,1.18603515625,100.69,2.302,3553.59
5.82,60.71,2398.0,77.0,94.0,1.18603515625,100.69,2.303,3555.65
5.53,60.16,2398.0,78.0,96.0,1.1708984375,100.69,2.303,3557.71
5.93,63.3,2398.0,78.0,96.0,1.1708984375,100.67,2.303,3559.84
5.86,57.33,2392.0,79.0,96.0,1.15673828125,100.68,2.303,3561.91
5.9,60.7,2392.0,78.0,96.0,1.15673828125,100.69,2.303,3564.03
5.74,61.65,2392.0,79.0,96.0,1.15673828125,100.69,2.303,3566.09
5.6,61.13,2398.0,78.0,96.0,1.14404296875,100.69,2.303,3568.15
5.79,64.94,2398.0,78.0,96.0,1.14404296875,100.69,2.303,3570.21
5.71,61.23,2392.0,80.0,96.0,1.13232421875,100.69,2.303,3572.27
5.67,62.24,2398.0,78.0,96.0,1.13232421875,100.7,2.303,3574.33
5.77,62.11,2392.0,78.0,96.0,1.13232421875,100.69,2.303,3576.39
5.81,61.64,2398.0,80.0,94.0,1.2021484375,100.69,2.303,3578.44
5.69,61.06,2392.0,78.0,96.0,1.2021484375,100.68,2.303,3580.5
5.71,61.82,2392.0,78.0,96.0,1.185546875,100.68,2.303,3582.59
5.69,63.31,2398.0,78.0,96.0,1.185546875,100.67,2.303,3584.65
5.83,63.45,2398.0,74.0,95.0,1.17041015625,100.67,2.303,3586.7
5.7,62.17,2392.0,79.0,96.0,1.17041015625,100.69,2.303,3588.76
5.56,60.46,2398.0,75.0,96.0,1.17041015625,100.7,2.303,3590.82
6.0,61.81,2392.0,79.0,96.0,1.15673828125,100.69,2.303,3592.95
5.7,63.54,2398.0,79.0,96.0,1.15673828125,100.69,2.303,3595.0
5.73,61.36,2398.0,74.0,95.0,1.224609375,100.69,2.303,3597.05
5.66,63.29,2392.0,79.0,96.0,1.224609375,100.68,2.303,3599.11
5.74,64.91,2392.0,79.0,96.0,1.224609375,100.67,2.303,3601.17
5.78,62.01,2398.0,78.0,96.0,1.287109375,100.67,2.303,3603.22
6.23,61.98,2392.0,79.0,96.0,1.287109375,100.68,2.303,3605.35
5.62,61.93,2398.0,79.0,96.0,1.263671875,100.68,2.303,3607.4
5.78,69.35,2398.0,79.0,96.0,1.263671875,100.68,2.303,3609.47
5.74,68.07,2398.0,79.0,96.0,1.32275390625,100.68,2.303,3611.51
5.61,62.78,2398.0,78.0,96.0,1.32275390625,100.68,2.303,3613.56
5.7,63.4,2398.0,80.0,96.0,1.32275390625,100.67,2.303,3615.62
5.76,63.75,2392.0,78.0,96.0,1.296875,100.67,2.303,3617.68
5.69,61.71,2398.0,77.0,96.0,1.296875,100.68,2.303,3619.73
5.69,61.28,2392.0,78.0,96.0,1.27294921875,100.68,2.303,3621.79
5.7,59.98,2398.0,79.0,96.0,1.27294921875,100.69,2.303,3623.85
5.82,64.53,2385.0,79.0,95.0,1.27294921875,100.68,2.303,3625.91
5.67,62.76,2385.0,78.0,96.0,1.2509765625,100.68,2.303,3627.97
5.63,66.65,2398.0,79.0,96.0,1.2509765625,100.68,2.303,3630.02
5.72,60.51,2398.0,79.0,96.0,1.23046875,100.69,2.303,3632.07
5.79,64.4,2385.0,81.0,96.0,1.23046875,100.68,2.303,3634.13
5.66,60.61,2392.0,79.0,96.0,1.23046875,100.68,2.303,3636.19
5.72,64.93,2398.0,78.0,96.0,1.2119140625,100.68,2.303,3638.25
5.76,61.28,2392.0,77.0,94.0,1.2119140625,100.68,2.303,3640.31
5.71,61.12,2392.0,79.0,96.0,1.19482421875,100.67,2.303,3642.37
5.73,65.82,2398.0,79.0,96.0,1.19482421875,100.68,2.303,3644.43
5.76,61.31,2398.0,78.0,96.0,1.17919921875,100.68,2.303,3646.47
5.75,65.18,2392.0,78.0,96.0,1.17919921875,100.68,2.303,3648.53
5.66,63.21,2392.0,79.0,96.0,1.17919921875,100.68,2.303,3650.59
5.72,66.29,2392.0,78.0,96.0,1.16455078125,100.67,2.303,3652.64
5.78,65.06,2385.0,79.0,95.0,1.16455078125,100.67,2.303,3654.69
5.6,62.45,2392.0,78.0,96.0,1.1513671875,100.65,2.303,3656.73
5.72,63.88,2398.0,81.0,96.0,1.1513671875,100.65,2.303,3658.79
5.72,67.26,2392.0,79.0,96.0,1.1513671875,100.67,2.303,3660.84
5.73,64.43,2398.0,80.0,96.0,1.13916015625,100.67,2.303,3662.9
5.96,66.58,2392.0,79.0,93.0,1.13916015625,100.67,2.303,3664.95
5.79,63.75,2398.0,82.0,96.0,1.1279296875,100.68,2.303,3667.0
5.77,57.17,2392.0,79.0,96.0,1.1279296875,100.68,2.303,3669.06
5.7,60.87,2385.0,79.0,96.0,1.1279296875,100.69,2.303,3671.12
5.71,63.72,2392.0,79.0,96.0,1.11767578125,100.69,2.303,3673.18
5.79,63.12,2398.0,74.0,95.0,1.11767578125,100.69,2.303,3675.23
5.7,61.48,2392.0,79.0,96.0,1.10791015625,100.69,2.303,3677.29
5.69,62.9,2398.0,78.0,96.0,1.10791015625,100.68,2.303,3679.35
5.72,60.46,2398.0,79.0,94.0,1.10791015625,100.69,2.303,3681.4
5.73,62.13,2392.0,78.0,96.0,1.09912109375,100.69,2.303,3683.46
5.69,69.68,2392.0,79.0,96.0,1.09912109375,100.69,2.303,3685.52
5.68,60.78,2398.0,75.0,96.0,1.0908203125,100.69,2.303,3687.58
5.72,63.71,2398.0,78.0,96.0,1.0908203125,100.69,2.303,3689.68
5.79,61.49,2398.0,74.0,96.0,1.08349609375,100.69,2.303,3691.73
5.58,61.2,2398.0,75.0,96.0,1.08349609375,100.69,2.303,3693.79
5.88,64.61,2398.0,80.0,96.0,1.08349609375,100.69,2.303,3695.85
5.83,60.21,2392.0,79.0,96.0,1.07666015625,100.69,2.303,3697.9
5.72,62.48,2398.0,75.0,96.0,1.07666015625,100.69,2.303,3699.95
5.69,68.05,2398.0,79.0,96.0,1.0703125,100.7,2.303,3702.01
5.79,66.07,2392.0,79.0,96.0,1.0703125,100.7,2.303,3704.08
5.68,67.7,2392.0,80.0,95.0,1.0703125,100.7,2.303,3706.12
5.74,64.95,2398.0,79.0,96.0,1.064453125,100.7,2.303,3708.17
5.75,65.06,2392.0,78.0,96.0,1.064453125,100.7,2.303,3710.22
5.7,62.06,2398.0,81.0,96.0,1.05908203125,100.69,2.303,3712.26
5.71,66.37,2398.0,80.0,96.0,1.05908203125,100.67,2.303,3714.31
5.68,61.93,2392.0,79.0,96.0,1.05908203125,100.67,2.303,3716.36
5.7,63.69,2392.0,79.0,96.0,1.134765625,100.67,2.303,3718.41
5.66,62.7,2392.0,80.0,96.0,1.134765625,100.67,2.303,3720.45
5.52,61.75,2398.0,75.0,95.0,1.2041015625,100.67,2.303,3722.5
5.81,61.68,2392.0,75.0,96.0,1.2041015625,100.67,2.303,3724.55
6.07,59.11,2398.0,78.0,96.0,1.26806640625,100.67,2.303,3726.61
5.79,62.9,2392.0,80.0,96.0,1.26806640625,100.67,2.303,3728.67
5.74,60.25,2398.0,75.0,96.0,1.26806640625,100.67,2.303,3730.73
5.77,65.98,2398.0,79.0,96.0,1.3271484375,100.66,2.303,3732.79
5.63,68.94,2398.0,79.0,96.0,1.3271484375,100.66,2.303,3734.84
5.68,61.11,2392.0,80.0,96.0,1.30078125,100.67,2.303,3736.9
5.88,60.72,2398.0,78.0,96.0,1.30078125,100.67,2.303,3738.97
5.74,60.22,2398.0,79.0,96.0,1.30078125,100.68,2.303,3741.03
5.8,62.71,2392.0,80.0,96.0,1.2763671875,100.68,2.303,3743.13
5.67,61.82,2392.0,79.0,96.0,1.2763671875,100.67,2.303,3745.19
5.65,61.6,2398.0,79.0,94.0,1.25390625,100.67,2.303,3747.25
5.75,61.12,2392.0,79.0,96.0,1.25390625,100.65,2.303,3749.31
5.8,62.66,2398.0,80.0,96.0,1.25390625,100.65,2.303,3751.37
5.58,63.76,2392.0,79.0,96.0,1.2333984375,100.66,2.303,3753.41
5.91,63.76,2398.0,78.0,96.0,1.2333984375,100.67,2.303,3755.52
5.68,61.12,2398.0,78.0,96.0,1.21435546875,100.69,2.303,3757.57
5.89,67.93,2398.0,79.0,96.0,1.21435546875,100.68,2.303,3759.7
5.59,61.13,2398.0,78.0,96.0,1.19677734375,100.67,2.303,3761.75
5.71,63.27,2392.0,78.0,94.0,1.19677734375,100.68,2.303,3763.82
5.82,65.13,2398.0,79.0,96.0,1.19677734375,100.66,2.303,3765.88
5.74,61.25,2398.0,79.0,96.0,1.1806640625,100.66,2.303,3767.93
5.57,61.11,2392.0,79.0,96.0,1.1806640625,100.67,2.303,3769.98
5.67,65.18,2398.0,78.0,96.0,1.166015625,100.66,2.303,3772.03
5.69,63.51,2398.0,78.0,96.0,1.166015625,100.66,2.303,3774.07
5.78,59.37,2392.0,78.0,95.0,1.166015625,100.66,2.303,3776.14
5.57,59.94,2398.0,79.0,96.0,1.15234375,100.66,2.303,3778.19
5.83,61.5,2398.0,80.0,94.0,1.15234375,100.66,2.303,3780.25
5.75,63.65,2398.0,79.0,96.0,1.14013671875,100.67,2.303,3782.31
5.61,63.52,2392.0,79.0,96.0,1.14013671875,100.66,2.303,3784.37
6.27,64.35,2398.0,78.0,96.0,1.14013671875,100.67,2.303,3786.43
5.71,62.36,2385.0,78.0,96.0,1.20947265625,100.68,2.303,3788.48
5.84,65.32,2392.0,81.0,96.0,1.20947265625,100.69,2.303,3790.53
5.76,63.75,2398.0,81.0,96.0,1.1923828125,100.68,2.303,3792.6
5.82,63.37,2385.0,80.0,96.0,1.1923828125,100.67,2.303,3794.66
5.8,62.2,2392.0,78.0,96.0,1.1767578125,100.69,2.303,3796.71
5.76,64.24,2398.0,75.0,95.0,1.1767578125,100.69,2.303,3798.77
5.74,67.41,2398.0,78.0,96.0,1.1767578125,100.67,2.303,3800.83
5.81,61.67,2398.0,78.0,96.0,1.16259765625,100.67,2.303,3802.88
5.7,61.13,2398.0,79.0,96.0,1.16259765625,100.67,2.303,3804.94
5.77,61.52,2392.0,79.0,96.0,1.1494140625,100.67,2.303,3807.0
5.83,60.93,2392.0,78.0,96.0,1.1494140625,100.68,2.303,3809.05
5.83,61.26,2392.0,80.0,96.0,1.1494140625,100.68,2.303,3811.12
5.69,68.03,2385.0,79.0,94.0,1.13720703125,100.68,2.303,3813.19
5.9,58.41,2398.0,78.0,96.0,1.13720703125,100.68,2.303,3815.25
5.95,61.54,2398.0,78.0,94.0,1.1259765625,100.68,2.303,3817.37
5.72,65.86,2392.0,78.0,96.0,1.1259765625,100.68,2.303,3819.43
5.78,61.29,2392.0,78.0,96.0,1.11572265625,100.68,2.303,3821.49
5.75,60.5,2398.0,80.0,96.0,1.11572265625,100.68,2.303,3823.56
5.74,60.5,2392.0,79.0,96.0,1.11572265625,100.67,2.303,3825.62
5.86,65.51,2392.0,79.0,96.0,1.1064453125,100.67,2.303,3827.71
5.86,69.93,2385.0,81.0,96.0,1.1064453125,100.68,2.303,3829.76
5.66,63.03,2398.0,79.0,96.0,1.09765625,100.67,2.303,3831.82
5.61,63.19,2398.0,78.0,96.0,1.09765625,100.68,2.303,3833.9
5.68,63.37,2385.0,81.0,96.0,1.09765625,100.66,2.303,3835.95
5.77,66.79,2398.0,79.0,96.0,1.08935546875,100.68,2.303,3838.0
5.81,67.65,2398.0,79.0,96.0,1.08935546875,100.68,2.303,3840.05
5.63,63.96,2398.0,78.0,96.0,1.08203125,100.68,2.303,3842.1
5.66,61.57,2385.0,79.0,96.0,1.08203125,100.67,2.303,3844.15
6.09,64.04,2398.0,79.0,96.0,1.08203125,100.67,2.303,3846.21
5.65,62.73,2398.0,75.0,96.0,1.0751953125,100.67,2.303,3848.26
5.8,65.29,2392.0,75.0,96.0,1.0751953125,100.68,2.303,3850.32
5.89,61.24,2392.0,79.0,96.0,1.06884765625,100.67,2.303,3852.38
5.66,65.59,2385.0,81.0,96.0,1.06884765625,100.68,2.303,3854.44
5.72,63.81,2392.0,79.0,96.0,1.06298828125,100.68,2.303,3856.5
5.84,62.5,2398.0,75.0,94.0,1.06298828125,100.68,2.303,3858.55
5.87,67.3,2398.0,79.0,96.0,1.06298828125,100.68,2.303,3860.61
5.7,60.76,2392.0,81.0,96.0,1.0576171875,100.69,2.303,3862.67
5.88,66.39,2398.0,79.0,96.0,1.0576171875,100.69,2.303,3864.77
5.74,61.9,2398.0,78.0,94.0,1.052734375,100.68,2.303,3866.82
5.63,61.67,2392.0,78.0,96.0,1.052734375,100.68,2.303,3868.87
5.86,63.48,2392.0,79.0,96.0,1.052734375,100.68,2.303,3870.93
5.74,67.41,2398.0,79.0,96.0,1.04833984375,100.67,2.303,3872.99
5.68,61.5,2392.0,80.0,94.0,1.04833984375,100.67,2.303,3875.05
5.76,64.65,2398.0,80.0,96.0,1.04443359375,100.67,2.303,3877.1
5.65,63.31,2385.0,79.0,96.0,1.04443359375,100.68,2.303,3879.16
5.76,64.21,2398.0,80.0,96.0,1.04443359375,100.68,2.303,3881.21
5.57,62.7,2385.0,78.0,96.0,1.04052734375,100.68,2.303,3883.26
5.75,61.31,2392.0,75.0,96.0,1.04052734375,100.68,2.303,3885.32
5.85,62.07,2385.0,81.0,96.0,1.037109375,100.68,2.303,3887.38
5.6,62.03,2398.0,81.0,95.0,1.037109375,100.68,2.303,3889.44
5.63,65.43,2392.0,79.0,96.0,1.03369140625,100.68,2.303,3891.5
5.67,60.88,2392.0,80.0,96.0,1.03369140625,100.67,2.303,3893.55
5.66,59.53,2392.0,80.0,96.0,1.03369140625,100.67,2.303,3895.61
5.69,67.75,2398.0,79.0,96.0,1.03076171875,100.66,2.303,3897.67
5.7,60.59,2392.0,80.0,96.0,1.03076171875,100.66,2.303,3899.73
5.74,63.95,2398.0,79.0,94.0,1.02783203125,100.67,2.303,3901.79
5.7,66.24,2392.0,78.0,96.0,1.02783203125,100.67,2.303,3903.84
6.0,64.5,2385.0,81.0,96.0,1.02783203125,100.67,2.303,3905.89
5.77,61.28,2398.0,75.0,96.0,1.025390625,100.66,2.303,3907.95
5.73,68.94,2398.0,79.0,96.0,1.025390625,100.66,2.303,3910.01
5.82,65.57,2398.0,79.0,96.0,1.02294921875,100.68,2.303,3912.06
5.63,65.12,2385.0,80.0,96.0,1.02294921875,100.67,2.303,3914.12
5.68,66.35,2398.0,79.0,96.0,1.02294921875,100.68,2.303,3916.18
5.79,60.0,2398.0,80.0,96.0,1.02099609375,100.68,2.303,3918.24
5.64,64.16,2392.0,78.0,96.0,1.02099609375,100.68,2.303,3920.3
5.71,62.69,2385.0,80.0,96.0,1.01904296875,100.68,2.303,3922.36
5.81,63.99,2398.0,78.0,96.0,1.01904296875,100.68,2.303,3924.41
5.7,61.45,2385.0,79.0,96.0,1.01904296875,100.68,2.303,3926.47
5.61,61.35,2398.0,77.0,94.0,1.09765625,100.68,2.303,3928.54
5.81,60.66,2392.0,75.0,95.0,1.09765625,100.67,2.303,3930.6
5.76,61.89,2398.0,80.0,93.0,1.08935546875,100.67,2.303,3932.66
5.7,65.59,2398.0,81.0,96.0,1.08935546875,100.68,2.303,3934.72
5.62,61.32,2398.0,79.0,96.0,1.08203125,100.68,2.303,3936.76
5.78,65.43,2398.0,80.0,96.0,1.08203125,100.67,2.303,3938.82
5.77,61.94,2392.0,79.0,96.0,1.08203125,100.67,2.303,3940.88
5.64,62.93,2392.0,79.0,96.0,1.0751953125,100.66,2.303,3942.93
5.68,69.67,2398.0,78.0,96.0,1.0751953125,100.67,2.303,3944.99
5.73,65.84,2392.0,79.0,96.0,1.06884765625,100.67,2.303,3947.04
5.71,65.01,2392.0,79.0,96.0,1.06884765625,100.68,2.303,3949.09
5.68,66.68,2398.0,79.0,96.0,1.06884765625,100.67,2.303,3951.14
5.71,60.19,2392.0,80.0,96.0,1.06298828125,100.67,2.303,3953.19
5.8,62.58,2398.0,81.0,96.0,1.06298828125,100.67,2.303,3955.26
5.73,65.04,2392.0,81.0,96.0,1.0576171875,100.68,2.303,3957.32
5.76,61.64,2398.0,80.0,96.0,1.0576171875,100.68,2.303,3959.37
5.81,62.78,2392.0,78.0,96.0,1.0576171875,100.68,2.303,3961.43
5.72,61.69,2392.0,79.0,96.0,1.13330078125,100.68,2.303,3963.5
5.7,63.78,2392.0,82.0,96.0,1.13330078125,100.67,2.303,3965.56
6.09,67.01,2398.0,79.0,96.0,1.12255859375,100.68,2.303,3967.62
5.69,63.01,2385.0,79.0,96.0,1.12255859375,100.68,2.303,3969.66
5.6,60.93,2392.0,79.0,96.0,1.1123046875,100.68,2.303,3971.72
5.8,60.8,2392.0,79.0,96.0,1.1123046875,100.67,2.303,3973.78
5.92,63.44,2385.0,80.0,96.0,1.1123046875,100.67,2.303,3975.93
5.88,62.5,2392.0,79.0,96.0,1.10302734375,100.66,2.303,3977.97
5.71,69.28,2398.0,79.0,96.0,1.10302734375,100.66,2.303,3980.04
5.68,64.82,2398.0,79.0,96.0,1.0947265625,100.65,2.303,3982.08
5.82,64.38,2398.0,80.0,96.0,1.0947265625,100.66,2.303,3984.14
5.69,62.59,2398.0,80.0,96.0,1.0947265625,100.66,2.303,3986.21
5.66,60.41,2392.0,80.0,96.0,1.0869140625,100.66,2.303,3988.26
5.77,64.93,2385.0,81.0,96.0,1.0869140625,100.66,2.303,3990.33
5.93,66.95,2398.0,80.0,96.0,1.07958984375,100.67,2.303,3992.38
5.63,61.81,2392.0,79.0,96.0,1.07958984375,100.67,2.303,3994.43
5.75,63.78,2398.0,80.0,96.0,1.07958984375,100.66,2.303,3996.48
5.81,62.25,2392.0,80.0,96.0,1.1533203125,100.67,2.303,3998.53
5.61,62.39,2398.0,81.0,96.0,1.1533203125,100.67,2.303,4000.59
5.75,65.24,2398.0,78.0,96.0,1.140625,100.66,2.303,4002.65
5.71,61.44,2398.0,79.0,94.0,1.140625,100.66,2.303,4004.69
5.72,61.23,2398.0,79.0,96.0,1.12890625,100.67,2.303,4006.76
5.79,61.76,2398.0,75.0,95.0,1.12890625,100.67,2.303,4008.89
5.76,63.99,2398.0,82.0,96.0,1.12890625,100.65,2.303,4010.94
5.79,66.98,2392.0,79.0,96.0,1.1181640625,100.65,2.303,4013.0
5.67,66.21,2398.0,80.0,96.0,1.1181640625,100.65,2.303,4015.05
5.67,61.81,2398.0,79.0,96.0,1.1083984375,100.66,2.303,4017.09
5.83,68.11,2392.0,79.0,96.0,1.1083984375,100.66,2.303,4019.16
5.86,61.26,2392.0,79.0,95.0,1.1083984375,100.66,2.303,4021.21
5.66,64.43,2392.0,79.0,95.0,1.099609375,100.68,2.303,4023.28
5.71,67.6,2398.0,80.0,96.0,1.099609375,100.68,2.303,4025.33
6.36,62.92,2385.0,81.0,96.0,1.09130859375,100.68,2.303,4027.38
5.62,60.63,2392.0,79.0,96.0,1.09130859375,100.68,2.303,4029.44
5.9,61.3,2398.0,75.0,96.0,1.083984375,100.68,2.303,4031.53
5.8,61.25,2398.0,79.0,96.0,1.083984375,100.68,2.303,4033.62
5.71,62.5,2398.0,79.0,94.0,1.083984375,100.68,2.303,4035.68
5.65,62.83,2385.0,78.0,96.0,1.0771484375,100.68,2.303,4037.74
5.79,60.34,2392.0,78.0,96.0,1.0771484375,100.68,2.303,4039.8
5.84,63.17,2385.0,79.0,96.0,1.07080078125,100.68,2.303,4041.86
5.7,62.65,2385.0,79.0,96.0,1.07080078125,100.69,2.303,4043.92
5.88,61.28,2398.0,78.0,96.0,1.07080078125,100.68,2.303,4045.98
9.99,61.91,2392.0,81.0,96.0,1.3056640625,100.64,2.303,4048.05
10.23,59.36,2398.0,75.0,96.0,1.3056640625,100.51,2.303,4050.1
10.62,64.01,2385.0,81.0,96.0,1.361328125,100.53,2.303,4052.18
14.44,57.4,2392.0,78.0,96.0,1.361328125,100.48,2.303,4054.23
15.03,57.29,2385.0,78.0,95.0,1.361328125,100.28,2.303,4056.32
11.46,61.67,2398.0,75.0,96.0,1.49267578125,100.53,2.303,4058.38
10.19,62.04,2392.0,79.0,96.0,1.49267578125,100.57,2.303,4060.43
8.59,64.21,2385.0,80.0,95.0,1.53369140625,100.59,2.303,4062.49
8.62,65.93,2398.0,79.0,96.0,1.53369140625,100.6,2.303,4064.53
8.7,63.29,2398.0,80.0,96.0,1.5712890625,100.58,2.303,4066.58
8.99,61.56,2392.0,75.0,96.0,1.5712890625,100.58,2.303,4068.66
9.26,63.72,2392.0,81.0,96.0,1.5712890625,100.58,2.303,4070.7
9.33,63.6,2398.0,81.0,96.0,1.60595703125,100.59,2.303,4072.79
9.32,64.17,2398.0,79.0,96.0,1.60595703125,100.59,2.303,4074.86
9.18,61.65,2398.0,81.0,96.0,1.6376953125,100.6,2.303,4076.91
8.96,61.16,2398.0,79.0,96.0,1.6376953125,100.6,2.303,4078.97
8.72,63.33,2392.0,75.0,95.0,1.6376953125,100.6,2.303,4081.03
8.58,63.13,2392.0,80.0,96.0,1.58642578125,100.6,2.303,4083.09
8.68,62.78,2392.0,76.0,96.0,1.58642578125,100.59,2.303,4085.15
9.93,62.4,2398.0,80.0,96.0,1.69970703125,100.58,2.303,4087.27
9.81,61.0,2385.0,80.0,96.0,1.69970703125,100.61,2.303,4089.33
9.76,59.69,2385.0,78.0,96.0,1.69970703125,100.6,2.303,4091.4
9.3,61.54,2392.0,79.0,96.0,1.80419921875,100.59,2.303,4093.51
9.28,61.63,2398.0,81.0,95.0,1.80419921875,100.61,2.303,4095.62
10.26,61.94,2392.0,80.0,96.0,1.900390625,100.63,2.303,4097.71
9.61,60.34,2398.0,79.0,96.0,1.900390625,100.61,2.303,4099.77
9.91,68.11,2398.0,79.0,96.0,1.90869140625,100.61,2.303,4101.83
9.06,60.86,2398.0,75.0,94.0,1.90869140625,100.62,2.303,4103.88
9.1,64.39,2398.0,78.0,96.0,1.90869140625,100.61,2.303,4105.94
9.06,60.41,2398.0,79.0,96.0,1.83544921875,100.59,2.303,4107.98
9.31,64.79,2392.0,80.0,96.0,1.83544921875,100.6,2.303,4110.04
9.15,59.61,2392.0,79.0,96.0,1.8486328125,100.6,2.303,4112.09
9.52,64.56,2392.0,82.0,96.0,1.8486328125,100.6,2.303,4114.18
8.58,65.14,2398.0,79.0,96.0,1.8486328125,100.61,2.303,4116.24
8.69,63.6,2398.0,83.0,96.0,1.86083984375,100.6,2.303,4118.29
8.89,63.75,2398.0,80.0,96.0,1.86083984375,100.62,2.303,4120.34
9.19,61.17,2398.0,80.0,96.0,1.8720703125,100.62,2.303,4122.39
9.37,59.98,2398.0,79.0,96.0,1.8720703125,100.62,2.303,4124.45
9.17,59.58,2398.0,78.0,96.0,1.88232421875,100.59,2.303,4126.54
9.53,65.55,2398.0,79.0,96.0,1.88232421875,100.61,2.303,4128.59
9.98,67.03,2392.0,79.0,96.0,1.88232421875,100.59,2.303,4130.65
10.85,66.42,2398.0,79.0,96.0,1.89208984375,100.54,2.303,4132.7
10.03,63.72,2398.0,79.0,96.0,1.89208984375,100.4,2.303,4134.75
5.65,62.42,2385.0,79.0,95.0,1.8203125,100.42,2.303,4136.79
5.69,63.17,2385.0,80.0,96.0,1.8203125,100.44,2.303,4138.84
5.99,64.87,2398.0,82.0,96.0,1.8203125,100.45,2.303,4140.9
5.71,60.81,2398.0,79.0,96.0,1.75439453125,100.45,2.303,4142.96
5.64,60.88,2398.0,79.0,96.0,1.75439453125,100.6,2.303,4145.01
6.2,68.1,2398.0,79.0,96.0,1.69384765625,100.62,2.303,4147.08
5.72,62.46,2398.0,75.0,96.0,1.69384765625,100.63,2.303,4149.12
5.59,59.84,2398.0,79.0,96.0,1.69384765625,100.63,2.303,4151.18
5.79,57.83,2392.0,80.0,96.0,1.63818359375,100.63,2.303,4153.25
5.72,62.5,2398.0,81.0,96.0,1.63818359375,100.63,2.303,4155.31
5.65,64.64,2398.0,80.0,96.0,1.5869140625,100.63,2.303,4157.35
5.8,65.86,2385.0,80.0,94.0,1.5869140625,100.63,2.303,4159.41
5.62,62.13,2392.0,79.0,96.0,1.5869140625,100.63,2.303,4161.44
5.8,64.79,2398.0,82.0,96.0,1.53955078125,100.63,2.303,4163.5
5.67,63.23,2398.0,80.0,96.0,1.53955078125,100.64,2.303,4165.56
5.68,61.15,2398.0,82.0,96.0,1.49609375,100.64,2.303,4167.61
6.02,69.17,2392.0,81.0,96.0,1.49609375,100.65,2.303,4169.74
5.69,59.92,2392.0,76.0,95.0,1.4560546875,100.65,2.303,4171.78
5.79,66.84,2392.0,81.0,96.0,1.4560546875,100.65,2.303,4173.89
5.72,65.65,2392.0,81.0,96.0,1.4560546875,100.65,2.303,4175.94
5.68,62.11,2398.0,78.0,96.0,1.41943359375,100.66,2.303,4177.98
5.74,61.89,2398.0,80.0,96.0,1.41943359375,100.65,2.303,4180.03
5.69,62.85,2398.0,79.0,94.0,1.3857421875,100.65,2.303,4182.08
5.72,67.06,2398.0,79.0,96.0,1.3857421875,100.65,2.303,4184.13
5.77,65.37,2385.0,82.0,96.0,1.3857421875,100.65,2.303,4186.18
5.69,64.64,2398.0,80.0,96.0,1.3544921875,100.66,2.303,4188.23
5.81,60.97,2398.0,76.0,96.0,1.3544921875,100.68,2.303,4190.28
5.82,65.03,2392.0,80.0,96.0,1.32568359375,100.67,2.303,4192.34
5.6,68.11,2385.0,80.0,96.0,1.32568359375,100.67,2.303,4194.38
5.65,62.54,2405.0,81.0,96.0,1.32568359375,100.67,2.303,4196.42
5.81,61.96,2398.0,81.0,96.0,1.29931640625,100.67,2.303,4198.48
5.86,62.44,2392.0,75.0,96.0,1.29931640625,100.67,2.303,4200.54
5.62,62.12,2392.0,79.0,96.0,1.35546875,100.67,2.303,4202.59
5.83,68.73,2392.0,81.0,96.0,1.35546875,100.66,2.303,4204.68
5.96,69.25,2392.0,79.0,96.0,1.32666015625,100.67,2.303,4206.73
5.71,66.51,2385.0,76.0,96.0,1.32666015625,100.66,2.303,4208.78
5.68,62.82,2392.0,79.0,96.0,1.32666015625,100.66,2.303,4210.85
5.81,63.43,2398.0,78.0,96.0,1.380859375,100.67,2.303,4212.9
5.73,62.0,2392.0,80.0,94.0,1.380859375,100.67,2.303,4214.95
5.61,65.83,2392.0,79.0,96.0,1.4306640625,100.67,2.303,4217.0
5.85,65.44,2385.0,82.0,96.0,1.4306640625,100.66,2.303,4219.05
6.51,19.32,2405.0,72.0,3.0,1.4306640625,100.55,2.428,4221.1
7.2,17.53,2411.0,70.0,3.0,1.4765625,100.28,2.714,4223.14
7.27,17.02,2411.0,70.0,4.0,1.4765625,100.0,2.993,4225.17
7.32,16.92,2411.0,69.0,3.0,1.43798828125,99.72,3.276,4227.2
7.02,16.65,2411.0,68.0,3.0,1.43798828125,99.45,3.529,4229.23
6.96,16.39,2411.0,68.0,2.0,1.43798828125,100.61,2.312,4231.27
3.88,15.85,2411.0,67.0,2.0,1.40283203125,100.59,2.307,4233.3
5.32,16.18,2411.0,67.0,2.0,1.40283203125,100.55,2.319,4235.34
5.79,71.59,2379.0,76.0,96.0,1.3701171875,98.51,2.331,4237.38
5.68,71.36,2385.0,78.0,70.0,1.3701171875,97.58,2.331,4239.44
5.75,74.43,2385.0,78.0,96.0,1.3701171875,96.54,2.332,4241.5
5.69,71.02,2379.0,77.0,96.0,1.4208984375,96.53,2.332,4243.56
5.68,72.42,2379.0,77.0,96.0,1.4208984375,96.56,2.332,4245.62
5.77,73.81,2385.0,80.0,96.0,1.38671875,96.58,2.332,4247.68
5.6,71.38,2379.0,79.0,96.0,1.38671875,96.59,2.332,4249.73
5.66,73.26,2385.0,80.0,96.0,1.35546875,96.58,2.332,4251.78
5.74,71.61,2385.0,75.0,93.0,1.35546875,96.58,2.332,4253.84
5.7,74.25,2385.0,81.0,96.0,1.35546875,96.58,2.332,4255.9
5.62,74.29,2379.0,79.0,96.0,1.32666015625,96.6,2.332,4257.97
5.75,75.16,2385.0,79.0,96.0,1.32666015625,96.6,2.332,4260.02
5.89,74.48,2379.0,83.0,96.0,1.30029296875,96.61,2.332,4262.09
5.79,73.44,2385.0,81.0,93.0,1.30029296875,96.61,2.332,4264.16
5.73,74.11,2385.0,81.0,96.0,1.30029296875,96.61,2.332,4266.22
6.75,74.41,2379.0,81.0,96.0,1.27587890625,96.62,2.332,4268.28
5.82,75.43,2385.0,83.0,96.0,1.27587890625,96.61,2.332,4270.35
5.86,75.58,2385.0,82.0,96.0,1.25341796875,96.61,2.332,4272.4
5.58,75.57,2385.0,81.0,96.0,1.25341796875,96.61,2.332,4274.46
5.82,74.06,2385.0,83.0,96.0,1.25341796875,96.61,2.332,4276.52
5.78,75.7,2385.0,83.0,96.0,1.3134765625,96.61,2.332,4278.58
5.79,71.92,2385.0,79.0,96.0,1.3134765625,95.56,2.332,4280.64
5.68,77.24,2385.0,82.0,96.0,1.2880859375,95.55,2.332,4282.7
5.77,76.43,2385.0,80.0,96.0,1.2880859375,95.55,2.332,4284.75
5.75,76.68,2385.0,85.0,96.0,1.34521484375,95.56,2.332,4286.82
5.77,74.95,2385.0,84.0,96.0,1.34521484375,95.56,2.332,4288.88
5.7,75.8,2385.0,83.0,93.0,1.34521484375,95.56,2.332,4290.94
5.71,76.82,2385.0,84.0,96.0,1.3173828125,95.57,2.332,4293.01
5.78,77.02,2385.0,83.0,96.0,1.3173828125,95.58,2.332,4295.06
5.62,76.89,2385.0,83.0,96.0,1.3720703125,95.58,2.332,4297.12
5.89,76.74,2385.0,82.0,96.0,1.3720703125,95.58,2.332,4299.18
5.93,78.04,2385.0,85.0,96.0,1.3720703125,95.57,2.332,4301.23
5.82,76.5,2385.0,86.0,96.0,1.341796875,95.57,2.332,4303.29
5.7,76.22,2385.0,83.0,96.0,1.341796875,95.56,2.332,4305.34
5.8,76.0,2385.0,83.0,96.0,1.39453125,95.56,2.332,4307.41
5.78,76.17,2385.0,84.0,96.0,1.39453125,95.57,2.332,4309.48
5.71,76.73,2385.0,84.0,96.0,1.39453125,95.57,2.332,4311.55
5.74,74.95,2385.0,84.0,92.0,1.603515625,95.58,2.332,4313.61
5.8,76.66,2385.0,84.0,96.0,1.603515625,95.58,2.332,4315.68
5.85,76.51,2385.0,83.0,96.0,1.8759765625,95.57,2.332,4317.74
5.77,74.95,2385.0,85.0,96.0,1.8759765625,95.57,2.332,4319.8
5.75,75.95,2385.0,85.0,96.0,1.8056640625,95.57,2.332,4321.87
5.75,75.92,2385.0,85.0,96.0,1.8056640625,94.45,2.332,4323.93
5.81,77.37,2385.0,86.0,96.0,1.8056640625,94.46,2.332,4325.99
6.08,77.45,2385.0,84.0,96.0,1.8212890625,94.45,2.332,4328.04
5.85,74.54,2385.0,84.0,96.0,1.8212890625,94.44,2.332,4330.1
5.95,76.47,2366.0,86.0,96.0,1.75537109375,94.45,2.332,4332.17
5.58,77.55,2385.0,85.0,96.0,1.75537109375,94.46,2.332,4334.23
5.92,76.46,2333.0,86.0,92.0,1.75537109375,94.46,2.332,4336.29
5.76,77.26,2385.0,83.0,96.0,1.69482421875,94.47,2.332,4338.34
5.83,77.08,2385.0,86.0,96.0,1.69482421875,94.46,2.332,4340.4
5.71,75.61,2385.0,83.0,96.0,1.63916015625,94.46,2.332,4342.45
5.87,76.3,2385.0,85.0,96.0,1.63916015625,94.46,2.332,4344.51
5.77,74.05,2385.0,86.0,96.0,1.63916015625,94.46,2.332,4346.56
5.61,76.28,2385.0,84.0,96.0,1.66845703125,94.46,2.332,4348.61
5.81,74.99,2385.0,85.0,96.0,1.66845703125,94.47,2.332,4350.67
5.77,75.17,2385.0,85.0,96.0,1.61474609375,94.46,2.332,4352.72
5.71,75.83,2385.0,83.0,96.0,1.61474609375,94.47,2.332,4354.78
5.78,74.28,2385.0,84.0,96.0,1.5654296875,93.2,2.332,4356.84
5.77,77.9,2372.0,85.0,96.0,1.5654296875,93.2,2.332,4358.89
5.77,77.71,2385.0,84.0,96.0,1.5654296875,93.19,2.332,4360.95
5.66,75.87,2372.0,84.0,96.0,1.52001953125,93.21,2.332,4363.01
5.91,77.22,2379.0,84.0,96.0,1.52001953125,93.2,2.332,4365.06
5.78,75.85,2385.0,84.0,96.0,1.47802734375,93.19,2.332,4367.11
5.79,76.41,2385.0,87.0,92.0,1.47802734375,93.19,2.332,4369.17
5.62,74.78,2346.0,86.0,93.0,1.47802734375,93.21,2.332,4371.22
5.72,76.64,2385.0,83.0,96.0,1.439453125,93.2,2.332,4373.28
5.74,77.58,2385.0,84.0,96.0,1.439453125,93.21,2.332,4375.34
5.79,74.57,2385.0,87.0,96.0,1.484375,93.21,2.332,4377.4
5.81,74.64,2385.0,85.0,96.0,1.484375,93.21,2.332,4379.46
5.79,73.97,2340.0,84.0,96.0,1.484375,93.21,2.332,4381.53
5.77,77.01,2385.0,86.0,96.0,1.60595703125,93.21,2.332,4383.58
5.69,73.92,2379.0,87.0,88.0,1.60595703125,93.21,2.332,4385.64
6.15,75.27,2346.0,88.0,96.0,1.55712890625,93.2,2.332,4387.7
5.68,75.17,2385.0,84.0,96.0,1.55712890625,93.21,2.332,4389.76
5.68,76.88,2385.0,84.0,96.0,1.51220703125,93.21,2.332,4391.82
5.71,77.04,2385.0,87.0,96.0,1.51220703125,93.21,2.332,4393.89
5.7,73.17,2379.0,87.0,96.0,1.51220703125,93.21,2.332,4395.94
5.8,76.61,2385.0,84.0,92.0,1.470703125,93.21,2.332,4398.01
6.9,77.82,2385.0,86.0,96.0,1.470703125,93.2,2.332,4400.07
5.61,75.54,2385.0,85.0,96.0,1.4326171875,93.2,2.332,4402.13
5.75,75.15,2385.0,83.0,92.0,1.4326171875,93.21,2.332,4404.19
5.69,77.12,2385.0,83.0,96.0,1.4326171875,93.22,2.332,4406.24
5.66,74.01,2379.0,85.0,96.0,1.39794921875,93.22,2.332,4408.3
5.72,75.52,2385.0,85.0,96.0,1.39794921875,93.22,2.332,4410.37
5.75,75.03,2379.0,84.0,96.0,1.36572265625,93.22,2.332,4412.43
5.79,75.02,2385.0,84.0,96.0,1.36572265625,93.23,2.332,4414.5
5.72,75.51,2379.0,85.0,96.0,1.36572265625,93.22,2.332,4416.57
5.69,75.44,2385.0,84.0,96.0,1.4970703125,93.22,2.332,4418.63
5.71,75.72,2385.0,84.0,91.0,1.4970703125,93.22,2.332,4420.69
5.77,77.01,2385.0,84.0,96.0,1.45703125,93.22,2.332,4422.75
5.65,76.15,2385.0,84.0,96.0,1.45703125,93.22,2.332,4424.81
5.75,77.28,2385.0,84.0,96.0,1.42041015625,93.21,2.332,4426.87
5.79,74.87,2385.0,84.0,96.0,1.42041015625,93.21,2.332,4428.93
5.69,77.25,2385.0,84.0,96.0,1.42041015625,93.22,2.332,4430.99
5.72,76.57,2359.0,82.0,96.0,1.38671875,93.22,2.332,4433.05
5.73,76.44,2385.0,85.0,96.0,1.38671875,93.21,2.332,4435.1
5.67,74.54,2385.0,84.0,96.0,1.35546875,93.22,2.332,4437.16
5.79,76.51,2346.0,85.0,93.0,1.35546875,93.23,2.332,4439.24
5.72,76.9,2385.0,85.0,88.0,1.35546875,93.23,2.332,4441.29
5.67,77.39,2379.0,86.0,96.0,1.32666015625,93.22,2.332,4443.35
5.78,75.31,2379.0,82.0,96.0,1.32666015625,93.22,2.332,4445.43
6.04,76.36,2385.0,84.0,96.0,1.30029296875,93.22,2.332,4447.48
5.7,75.33,2385.0,82.0,96.0,1.30029296875,93.22,2.332,4449.54
5.67,75.03,2385.0,87.0,96.0,1.30029296875,93.23,2.332,4451.59
5.83,75.83,2385.0,84.0,92.0,1.27587890625,93.22,2.332,4453.65
5.8,75.83,2385.0,85.0,96.0,1.27587890625,93.23,2.332,4455.72
5.72,76.35,2385.0,82.0,96.0,1.25341796875,93.22,2.332,4457.78
5.84,76.13,2385.0,82.0,96.0,1.25341796875,93.22,2.332,4459.84
5.93,78.39,2385.0,85.0,96.0,1.23291015625,93.22,2.332,4461.91
5.78,75.64,2385.0,86.0,92.0,1.23291015625,93.22,2.332,4463.98
5.72,75.74,2385.0,85.0,96.0,1.23291015625,93.22,2.332,4466.05
5.84,76.55,2385.0,85.0,86.0,1.2138671875,93.21,2.332,4468.11
5.74,77.03,2385.0,83.0,96.0,1.2138671875,93.22,2.332,4470.17
5.77,75.08,2385.0,83.0,96.0,1.27685546875,93.21,2.332,4472.22
5.65,77.35,2385.0,83.0,96.0,1.27685546875,93.22,2.332,4474.29
5.85,77.13,2385.0,83.0,96.0,1.27685546875,93.21,2.332,4476.34
5.8,74.62,2385.0,83.0,96.0,1.3349609375,93.22,2.332,4478.4
5.66,75.82,2385.0,83.0,96.0,1.3349609375,93.22,2.332,4480.46
5.82,77.34,2372.0,83.0,96.0,1.388671875,93.22,2.332,4482.53
5.75,75.09,2385.0,84.0,96.0,1.388671875,93.22,2.332,4484.59
5.78,76.82,2385.0,83.0,96.0,1.357421875,93.22,2.332,4486.64
5.81,77.31,2385.0,83.0,96.0,1.357421875,93.22,2.332,4488.7
5.73,76.94,2385.0,84.0,96.0,1.357421875,93.2,2.332,4490.76
5.77,75.17,2385.0,83.0,93.0,1.32861328125,93.22,2.332,4492.83
5.74,76.63,2385.0,83.0,96.0,1.32861328125,93.23,2.332,4494.89
5.63,76.51,2307.0,87.0,96.0,1.30224609375,93.22,2.332,4496.94
5.83,74.51,2385.0,85.0,92.0,1.30224609375,93.22,2.332,4499.0
5.82,74.63,2385.0,82.0,96.0,1.30224609375,93.21,2.332,4501.06
5.68,76.63,2385.0,81.0,92.0,1.27783203125,93.2,2.332,4503.12
5.68,75.98,2379.0,84.0,94.0,1.27783203125,93.2,2.332,4505.19
6.14,76.82,2385.0,83.0,96.0,1.25537109375,93.22,2.332,4507.24
5.76,75.97,2385.0,83.0,96.0,1.25537109375,93.22,2.332,4509.31
5.77,74.89,2385.0,81.0,96.0,1.25537109375,93.22,2.332,4511.37
5.66,76.11,2385.0,84.0,96.0,1.23486328125,93.22,2.332,4513.43
5.77,74.64,2385.0,82.0,96.0,1.23486328125,93.22,2.332,4515.49
5.72,76.11,2385.0,82.0,96.0,1.29638671875,93.22,2.332,4517.54
5.73,77.72,2385.0,82.0,96.0,1.29638671875,93.21,2.332,4519.6
5.75,77.14,2385.0,81.0,92.0,1.2724609375,93.21,2.332,4521.65
5.77,77.24,2385.0,81.0,96.0,1.2724609375,93.2,2.332,4523.71
5.85,74.39,2385.0,83.0,93.0,1.2724609375,93.2,2.332,4525.76
5.63,77.1,2385.0,81.0,96.0,1.25048828125,93.19,2.332,4527.81
5.83,76.15,2385.0,82.0,96.0,1.25048828125,93.19,2.332,4529.86
5.8,76.13,2385.0,82.0,96.0,1.22998046875,93.19,2.332,4531.92
5.66,75.18,2385.0,82.0,96.0,1.22998046875,93.2,2.332,4533.98
5.68,76.49,2385.0,81.0,93.0,1.22998046875,93.2,2.332,4536.04
5.86,76.75,2385.0,85.0,96.0,1.21142578125,93.23,2.332,4538.1
5.8,75.11,2385.0,84.0,96.0,1.21142578125,93.22,2.332,4540.16
5.6,76.5,2385.0,83.0,96.0,1.1943359375,93.22,2.332,4542.21
5.8,75.09,2385.0,80.0,92.0,1.1943359375,93.21,2.332,4544.27
5.7,74.35,2385.0,84.0,93.0,1.1943359375,93.23,2.332,4546.32
5.8,75.42,2385.0,82.0,96.0,1.1787109375,93.21,2.332,4548.39
5.7,74.21,2385.0,83.0,96.0,1.1787109375,93.2,2.332,4550.45
5.72,75.05,2385.0,83.0,96.0,1.1640625,93.19,2.332,4552.51
5.76,74.5,2385.0,81.0,96.0,1.1640625,93.21,2.332,4554.56
5.72,76.65,2385.0,80.0,96.0,1.15087890625,93.21,2.332,4556.63
5.7,77.36,2385.0,82.0,92.0,1.15087890625,91.73,2.332,4558.68
5.86,74.52,2385.0,81.0,92.0,1.15087890625,91.74,2.332,4560.75
6.02,74.06,2385.0,82.0,96.0,1.138671875,91.74,2.332,4562.8
5.74,74.44,2385.0,82.0,96.0,1.138671875,91.74,2.332,4564.86
5.8,77.32,2385.0,84.0,96.0,1.2080078125,91.74,2.332,4566.91
6.21,76.6,2385.0,85.0,96.0,1.2080078125,91.74,2.332,4568.98
5.72,74.82,2385.0,84.0,92.0,1.2080078125,91.73,2.332,4571.05
5.72,75.66,2385.0,83.0,96.0,1.271484375,91.73,2.332,4573.11
5.82,78.88,2385.0,82.0,96.0,1.271484375,91.75,2.332,4575.17
5.8,75.6,2385.0,83.0,96.0,1.330078125,91.75,2.332,4577.25
5.83,76.61,2385.0,82.0,96.0,1.330078125,91.74,2.332,4579.31
5.81,76.0,2385.0,82.0,96.0,1.330078125,91.74,2.332,4581.37
5.77,75.81,2385.0,82.0,96.0,1.30322265625,91.74,2.332,4583.44
5.85,74.41,2385.0,84.0,96.0,1.30322265625,91.73,2.332,4585.5
5.64,76.63,2385.0,85.0,74.0,1.51953125,91.73,2.332,4587.56
5.91,75.02,2385.0,83.0,87.0,1.51953125,91.73,2.332,4589.62
5.77,74.84,2385.0,81.0,92.0,1.4775390625,91.73,2.332,4591.69
5.64,75.82,2385.0,82.0,96.0,1.4775390625,91.73,2.332,4593.75
5.75,76.78,2385.0,81.0,96.0,1.4775390625,91.73,2.332,4595.81
5.96,77.21,2385.0,81.0,96.0,1.43896484375,91.72,2.332,4597.87
5.81,76.77,2385.0,83.0,96.0,1.43896484375,91.72,2.334,4599.92
5.71,75.71,2385.0,81.0,92.0,1.40380859375,91.73,2.334,4601.99
5.85,74.4,2385.0,81.0,96.0,1.40380859375,91.73,2.334,4604.06
5.75,74.97,2385.0,81.0,93.0,1.40380859375,91.73,2.334,4606.13
5.78,74.51,2385.0,81.0,96.0,1.37109375,91.74,2.334,4608.18
5.77,75.32,2385.0,82.0,96.0,1.37109375,91.73,2.336,4610.25
5.82,74.83,2385.0,81.0,96.0,1.34130859375,91.74,2.336,4612.33
5.89,74.77,2385.0,80.0,96.0,1.34130859375,91.74,2.336,4614.39
5.74,75.64,2385.0,82.0,96.0,1.34130859375,91.74,2.336,4616.46
5.84,74.11,2385.0,81.0,86.0,1.31396484375,91.74,2.336,4618.52
5.86,77.04,2385.0,84.0,96.0,1.31396484375,91.74,2.336,4620.59
5.83,74.24,2385.0,83.0,96.0,1.28857421875,91.75,2.336,4622.65
5.74,76.28,2385.0,81.0,96.0,1.28857421875,91.75,2.336,4624.7
5.76,75.12,2385.0,83.0,94.0,1.26513671875,91.74,2.336,4626.76
6.22,76.49,2385.0,83.0,96.0,1.26513671875,91.75,2.336,4628.83
5.7,73.39,2385.0,82.0,96.0,1.26513671875,91.76,2.336,4630.88
5.89,78.15,2385.0,83.0,96.0,1.24365234375,91.74,2.336,4632.95
5.77,75.18,2385.0,85.0,96.0,1.24365234375,91.73,2.336,4635.0
5.88,77.02,2385.0,83.0,93.0,1.22412109375,91.73,2.336,4637.06
5.75,80.15,2385.0,84.0,96.0,1.22412109375,91.73,2.336,4639.14
5.76,74.93,2385.0,82.0,96.0,1.22412109375,91.73,2.336,4641.19
5.75,75.77,2385.0,83.0,96.0,1.2060546875,91.73,2.336,4643.24
5.71,75.88,2385.0,82.0,96.0,1.2060546875,91.73,2.336,4645.3
5.59,76.07,2385.0,84.0,92.0,1.189453125,91.74,2.336,4647.37
5.8,74.5,2385.0,84.0,96.0,1.189453125,91.74,2.336,4649.42
5.85,77.49,2385.0,84.0,96.0,1.189453125,91.73,2.337,4651.47
5.74,77.41,2385.0,86.0,96.0,1.173828125,91.73,2.337,4653.53
5.91,74.21,2359.0,81.0,96.0,1.173828125,91.74,2.337,4655.59
5.77,78.33,2385.0,83.0,96.0,1.15966796875,91.73,2.337,4657.65
5.78,76.84,2385.0,85.0,96.0,1.15966796875,91.73,2.337,4659.71
5.64,77.13,2385.0,85.0,96.0,1.146484375,91.73,2.337,4661.76
5.91,73.59,2385.0,83.0,96.0,1.146484375,91.73,2.337,4663.82
5.76,76.09,2385.0,83.0,96.0,1.146484375,91.72,2.337,4665.89
5.71,77.25,2385.0,85.0,96.0,1.13427734375,91.73,2.337,4667.95
5.76,77.51,2379.0,86.0,96.0,1.13427734375,91.75,2.337,4670.0
5.84,77.77,2385.0,84.0,96.0,1.123046875,91.75,2.337,4672.07
5.93,77.43,2385.0,85.0,96.0,1.123046875,91.75,2.337,4674.13
5.68,76.89,2385.0,83.0,96.0,1.123046875,91.75,2.337,4676.18
5.73,75.11,2385.0,84.0,92.0,1.11279296875,91.74,2.337,4678.24
5.84,76.41,2385.0,82.0,96.0,1.11279296875,91.73,2.337,4680.31
5.78,76.67,2385.0,85.0,96.0,1.18408203125,91.73,2.337,4682.36
5.68,75.62,2385.0,83.0,94.0,1.18408203125,91.73,2.337,4684.43
5.75,76.03,2385.0,86.0,96.0,1.18408203125,91.73,2.337,4686.48
6.13,77.09,2385.0,84.0,96.0,1.24951171875,91.73,2.337,4688.54
5.77,76.16,2385.0,85.0,96.0,1.24951171875,91.74,2.337,4690.6
5.69,77.61,2385.0,86.0,96.0,1.31005859375,91.74,2.337,4692.67
5.8,78.22,2385.0,85.0,96.0,1.31005859375,91.74,2.337,4694.73
5.8,77.58,2379.0,87.0,96.0,1.28515625,91.74,2.337,4696.79
5.82,77.7,2385.0,84.0,96.0,1.28515625,91.75,2.337,4698.84
5.69,76.08,2385.0,84.0,96.0,1.28515625,91.73,2.337,4700.91
5.74,76.99,2379.0,86.0,92.0,1.26220703125,91.72,2.337,4702.97
5.75,77.4,2385.0,83.0,92.0,1.26220703125,91.72,2.337,4705.01
5.64,74.95,2385.0,85.0,96.0,1.24072265625,91.74,2.337,4707.07
5.8,73.97,2385.0,84.0,96.0,1.24072265625,91.73,2.337,4709.13
5.76,76.78,2385.0,83.0,96.0,1.24072265625,91.73,2.337,4711.19
5.77,76.17,2385.0,85.0,96.0,1.22119140625,91.72,2.337,4713.25
5.58,75.58,2385.0,84.0,93.0,1.22119140625,91.73,2.337,4715.31
5.76,75.28,2372.0,84.0,96.0,1.203125,91.73,2.337,4717.36
5.67,76.53,2385.0,85.0,96.0,1.203125,91.75,2.337,4719.43
5.72,77.04,2379.0,84.0,96.0,1.203125,91.74,2.337,4721.49
5.64,75.03,2281.0,86.0,96.0,1.1865234375,91.75,2.337,4723.55
5.68,75.5,2385.0,84.0,92.0,1.1865234375,91.74,2.337,4725.6
5.9,76.57,2385.0,85.0,96.0,1.17138671875,91.73,2.337,4727.66
5.74,75.42,2385.0,85.0,93.0,1.17138671875,91.74,2.337,4729.73
5.63,79.2,2385.0,84.0,96.0,1.1572265625,91.74,2.337,4731.79
5.73,75.27,2372.0,87.0,91.0,1.1572265625,91.75,2.337,4733.83
5.67,75.84,2379.0,85.0,96.0,1.1572265625,91.73,2.337,4735.88
5.73,76.96,2385.0,85.0,96.0,1.14453125,91.74,2.337,4737.94
5.68,74.32,2379.0,88.0,96.0,1.14453125,91.74,2.337,4740.01
5.78,75.72,2385.0,84.0,96.0,1.1328125,91.74,2.337,4742.07
5.8,77.25,2385.0,86.0,96.0,1.1328125,91.74,2.337,4744.13
5.67,76.22,2379.0,85.0,96.0,1.1328125,91.74,2.337,4746.19
6.1,75.29,2385.0,84.0,96.0,1.1220703125,91.74,2.337,4748.26
5.69,76.65,2379.0,84.0,96.0,1.1220703125,91.75,2.337,4750.31
5.72,74.62,2353.0,85.0,96.0,1.2724609375,91.75,2.337,4752.37
5.71,76.08,2379.0,84.0,96.0,1.2724609375,91.75,2.337,4754.43
5.68,75.81,2372.0,86.0,96.0,1.2724609375,91.75,2.337,4756.49
5.79,75.82,2385.0,83.0,92.0,1.25048828125,91.75,2.337,4758.55
5.8,76.69,2327.0,86.0,96.0,1.25048828125,91.75,2.337,4760.61
5.63,75.46,2385.0,88.0,96.0,1.22998046875,91.75,2.337,4762.66
5.85,76.89,2379.0,84.0,96.0,1.22998046875,91.74,2.337,4764.73
5.7,76.19,2385.0,86.0,92.0,1.21142578125,91.73,2.337,4766.79
5.81,76.72,2385.0,84.0,96.0,1.21142578125,91.73,2.337,4768.85
5.59,77.14,2385.0,87.0,96.0,1.21142578125,91.73,2.337,4770.9
5.82,75.75,2385.0,85.0,92.0,1.1943359375,91.73,2.337,4772.97
5.79,76.91,2379.0,84.0,96.0,1.1943359375,91.74,2.337,4775.02
5.83,75.31,2385.0,84.0,96.0,1.1787109375,91.74,2.337,4777.08
5.66,76.85,2385.0,87.0,96.0,1.1787109375,91.74,2.337,4779.14
5.84,74.03,2385.0,85.0,96.0,1.1787109375,91.75,2.337,4781.19
5.82,73.85,2385.0,86.0,96.0,1.24462890625,91.76,2.337,4783.25
5.69,76.04,2385.0,84.0,96.0,1.24462890625,91.74,2.337,4785.33
5.61,75.77,2385.0,84.0,96.0,1.224609375,91.76,2.337,4787.39
5.88,75.8,2379.0,86.0,92.0,1.224609375,91.76,2.337,4789.47
5.71,76.61,2385.0,85.0,96.0,1.224609375,91.77,2.337,4791.53
5.84,77.0,2385.0,86.0,96.0,1.20654296875,91.77,2.337,4793.59
5.62,75.11,2385.0,82.0,96.0,1.20654296875,91.77,2.337,4795.66
5.77,76.24,2385.0,84.0,96.0,1.18994140625,91.76,2.337,4797.72
5.82,75.59,2385.0,84.0,96.0,1.18994140625,91.76,2.337,4799.78
5.81,77.67,2385.0,84.0,96.0,1.17431640625,91.76,2.337,4801.86
5.77,75.79,2385.0,83.0,96.0,1.17431640625,91.76,2.337,4803.93
5.7,76.27,2385.0,85.0,96.0,1.17431640625,91.77,2.337,4806.0
6.18,75.77,2385.0,82.0,96.0,1.24072265625,91.77,2.337,4808.07
5.76,76.86,2385.0,85.0,96.0,1.24072265625,91.77,2.337,4810.13
5.62,77.39,2379.0,84.0,96.0,1.22119140625,91.75,2.337,4812.21
5.79,77.08,2385.0,83.0,96.0,1.22119140625,91.75,2.337,4814.27
5.82,74.19,2385.0,82.0,96.0,1.22119140625,91.75,2.337,4816.33
5.68,77.77,2385.0,84.0,96.0,1.28369140625,91.75,2.337,4818.38
5.7,75.38,2385.0,79.0,92.0,1.28369140625,91.74,2.337,4820.43
5.73,76.65,2385.0,83.0,96.0,1.42138671875,91.73,2.337,4822.49
5.7,77.2,2385.0,84.0,96.0,1.42138671875,91.74,2.337,4824.55
5.73,76.08,2385.0,84.0,96.0,1.42138671875,91.73,2.337,4826.6
5.63,74.92,2385.0,84.0,96.0,1.4677734375,91.73,2.337,4828.66
5.71,75.55,2385.0,84.0,96.0,1.4677734375,91.73,2.337,4830.72
5.66,75.75,2385.0,85.0,96.0,1.43017578125,91.73,2.337,4832.78
5.76,74.34,2385.0,82.0,96.0,1.43017578125,91.73,2.337,4834.83
5.63,76.36,2385.0,82.0,96.0,1.3955078125,91.71,2.337,4836.88
5.74,75.85,2385.0,83.0,93.0,1.3955078125,91.72,2.337,4838.93
5.77,75.19,2385.0,83.0,96.0,1.3955078125,91.72,2.337,4840.99
5.74,76.74,2385.0,82.0,96.0,1.36376953125,91.72,2.337,4843.05
5.62,75.23,2385.0,82.0,87.0,1.36376953125,91.71,2.337,4845.11
5.71,75.18,2385.0,82.0,93.0,1.33447265625,91.71,2.337,4847.17
5.8,77.14,2385.0,81.0,92.0,1.33447265625,91.73,2.337,4849.22
5.88,76.3,2385.0,85.0,96.0,1.33447265625,91.74,2.337,4851.29
5.68,76.94,2385.0,82.0,96.0,1.38818359375,91.74,2.337,4853.34
5.75,75.46,2385.0,83.0,93.0,1.38818359375,91.75,2.337,4855.41
5.77,75.71,2385.0,82.0,96.0,1.35693359375,91.74,2.337,4857.47
5.77,74.78,2385.0,85.0,96.0,1.35693359375,91.74,2.337,4859.53
5.66,75.48,2385.0,85.0,96.0,1.35693359375,91.74,2.337,4861.59
5.82,77.3,2385.0,83.0,96.0,1.328125,91.74,2.337,4863.66
5.84,77.44,2385.0,83.0,96.0,1.328125,91.74,2.337,4865.73
5.7,78.07,2385.0,84.0,96.0,1.38232421875,91.74,2.337,4867.79
6.11,77.31,2385.0,82.0,96.0,1.38232421875,91.74,2.337,4869.84
5.78,76.94,2385.0,83.0,96.0,1.43212890625,91.74,2.337,4871.89
5.71,77.47,2385.0,83.0,96.0,1.43212890625,91.74,2.337,4873.95
5.58,77.11,2379.0,82.0,96.0,1.43212890625,91.75,2.337,4876.01
5.99,76.29,2379.0,84.0,93.0,1.3974609375,91.74,2.337,4878.07
5.95,74.23,2385.0,83.0,96.0,1.3974609375,91.73,2.337,4880.13
5.84,76.93,2385.0,84.0,96.0,1.365234375,91.73,2.337,4882.19
5.7,76.55,2385.0,83.0,93.0,1.365234375,91.74,2.337,4884.23
5.79,77.01,2385.0,84.0,96.0,1.365234375,91.74,2.337,4886.29
5.85,75.59,2385.0,83.0,96.0,1.3359375,91.74,2.337,4888.35
5.76,76.12,2379.0,84.0,96.0,1.3359375,91.74,2.337,4890.41
5.79,74.94,2385.0,82.0,96.0,1.30859375,91.73,2.337,4892.47
5.83,75.35,2385.0,80.0,93.0,1.30859375,91.73,2.337,4894.53
5.62,77.31,2385.0,81.0,93.0,1.30859375,91.72,2.337,4896.59
5.77,76.53,2385.0,85.0,96.0,1.28369140625,91.72,2.337,4898.65
5.78,75.8,2379.0,84.0,93.0,1.28369140625,91.72,2.337,4900.71
5.78,75.87,2385.0,84.0,96.0,1.2607421875,91.73,2.337,4902.77
5.59,75.63,2379.0,81.0,96.0,1.2607421875,91.73,2.337,4904.83
5.75,75.53,2385.0,81.0,96.0,1.23974609375,91.73,2.337,4906.89
5.81,75.33,2385.0,82.0,95.0,1.23974609375,91.74,2.337,4908.95
5.85,75.48,2385.0,82.0,96.0,1.23974609375,91.74,2.337,4911.02
5.58,75.28,2385.0,82.0,96.0,1.22021484375,91.73,2.337,4913.08
5.83,76.9,2385.0,82.0,96.0,1.22021484375,91.74,2.337,4915.15
5.69,73.11,2385.0,83.0,96.0,1.2021484375,91.74,2.337,4917.21
5.74,78.46,2385.0,85.0,96.0,1.2021484375,91.74,2.337,4919.27
5.69,76.3,2385.0,84.0,96.0,1.2021484375,91.74,2.337,4921.33
5.85,75.0,2385.0,84.0,93.0,1.185546875,91.74,2.337,4923.41
5.85,75.66,2385.0,83.0,96.0,1.185546875,91.73,2.337,4925.47
5.7,74.62,2385.0,81.0,93.0,1.17041015625,91.73,2.337,4927.53
6.12,75.45,2385.0,82.0,96.0,1.17041015625,91.75,2.337,4929.61
5.95,74.5,2385.0,84.0,96.0,1.17041015625,91.74,2.337,4931.67
5.83,74.32,2385.0,83.0,96.0,1.2373046875,91.74,2.337,4933.73
5.69,74.6,2385.0,81.0,87.0,1.2373046875,91.75,2.337,4935.79
5.8,74.05,2385.0,82.0,96.0,1.21826171875,91.75,2.337,4937.87
5.82,74.7,2379.0,84.0,96.0,1.21826171875,91.75,2.337,4939.93
5.7,77.52,2385.0,85.0,96.0,1.20068359375,91.75,2.337,4941.98
5.84,73.67,2385.0,82.0,96.0,1.20068359375,91.75,2.337,4944.05
5.78,75.14,2385.0,85.0,96.0,1.20068359375,91.74,2.337,4946.11
5.71,75.19,2385.0,84.0,96.0,1.26513671875,91.74,2.337,4948.17
5.7,73.74,2385.0,81.0,96.0,1.26513671875,91.74,2.337,4950.23
5.87,76.12,2385.0,79.0,96.0,1.24365234375,91.75,2.337,4952.29
5.82,74.72,2385.0,82.0,96.0,1.24365234375,91.75,2.337,4954.33
5.86,75.5,2385.0,82.0,96.0,1.24365234375,91.74,2.337,4956.39
5.72,73.87,2385.0,82.0,96.0,1.22412109375,91.74,2.337,4958.45
5.76,75.17,2385.0,81.0,96.0,1.22412109375,91.75,2.337,4960.51
5.58,75.92,2385.0,84.0,96.0,1.2060546875,91.75,2.337,4962.57
5.8,77.87,2385.0,81.0,96.0,1.2060546875,91.75,2.337,4964.62
5.8,76.47,2385.0,84.0,92.0,1.2060546875,91.76,2.337,4966.69
5.86,76.67,2385.0,82.0,96.0,1.189453125,91.75,2.337,4968.75
5.54,75.7,2385.0,84.0,96.0,1.189453125,91.75,2.337,4970.81
5.78,75.1,2385.0,79.0,96.0,1.173828125,91.76,2.337,4972.87
5.82,74.32,2379.0,81.0,96.0,1.173828125,91.73,2.337,4974.92
5.83,74.21,2385.0,81.0,96.0,1.15966796875,91.74,2.337,4976.98
5.68,75.7,2385.0,82.0,96.0,1.15966796875,91.75,2.337,4979.03
5.76,76.52,2385.0,79.0,96.0,1.15966796875,91.75,2.337,4981.08
5.79,76.08,2385.0,80.0,96.0,1.146484375,91.75,2.337,4983.15
5.62,75.82,2385.0,82.0,96.0,1.146484375,91.75,2.337,4985.21
5.8,77.06,2385.0,83.0,96.0,1.13427734375,91.75,2.337,4987.26
6.28,73.56,2385.0,84.0,96.0,1.13427734375,91.75,2.337,4989.33
5.8,74.79,2385.0,83.0,93.0,1.13427734375,91.75,2.337,4991.39
5.64,77.04,2385.0,84.0,93.0,1.123046875,91.74,2.337,4993.45
5.83,74.83,2385.0,82.0,96.0,1.123046875,91.74,2.337,4995.51
5.67,76.45,2385.0,85.0,96.0,1.11279296875,91.76,2.337,4997.56
5.71,76.37,2385.0,82.0,92.0,1.11279296875,91.75,2.337,4999.61
5.74,74.82,2385.0,80.0,92.0,1.11279296875,91.76,2.337,5001.67
5.85,79.16,2385.0,84.0,96.0,1.18408203125,91.76,2.337,5003.73
5.75,77.58,2385.0,83.0,96.0,1.18408203125,91.76,2.337,5005.79
5.52,76.91,2385.0,82.0,96.0,1.1689453125,91.76,2.337,5007.84
5.85,77.28,2385.0,83.0,96.0,1.1689453125,91.75,2.337,5009.9
5.72,75.51,2385.0,83.0,96.0,1.1552734375,91.73,2.337,5011.96
5.81,75.35,2379.0,84.0,96.0,1.1552734375,91.74,2.337,5014.03
5.59,76.33,2385.0,83.0,96.0,1.1552734375,91.74,2.337,5016.08
5.77,74.92,2385.0,83.0,96.0,1.142578125,91.75,2.337,5018.14
5.9,77.31,2379.0,83.0,96.0,1.142578125,91.75,2.337,5020.19
5.63,76.9,2385.0,83.0,96.0,1.130859375,91.74,2.337,5022.25
5.76,75.9,2385.0,82.0,96.0,1.130859375,91.77,2.316,5024.31
5.83,77.91,2385.0,84.0,96.0,1.130859375,91.77,2.316,5026.36
5.78,75.44,2385.0,84.0,86.0,1.20068359375,91.77,2.316,5028.42
5.61,75.67,2385.0,84.0,96.0,1.20068359375,91.77,2.316,5030.47
5.72,76.69,2385.0,82.0,96.0,1.26513671875,91.79,2.316,5032.53
5.81,77.97,2385.0,81.0,93.0,1.26513671875,91.78,2.316,5034.59
5.74,75.57,2385.0,84.0,96.0,1.26513671875,91.79,2.316,5036.65
5.68,76.81,2385.0,84.0,96.0,1.32421875,91.79,2.316,5038.71
5.95,75.93,2385.0,86.0,96.0,1.32421875,91.79,2.316,5040.78
5.73,74.96,2385.0,83.0,96.0,1.2978515625,91.79,2.316,5042.83
5.78,75.82,2385.0,82.0,91.0,1.2978515625,91.79,2.316,5044.9
5.78,75.16,2385.0,84.0,96.0,1.27392578125,91.79,2.316,5046.95
6.23,77.42,2385.0,86.0,96.0,1.27392578125,91.79,2.316,5049.01
5.65,75.39,2385.0,82.0,96.0,1.27392578125,91.79,2.316,5051.07
5.68,75.14,2385.0,84.0,96.0,1.251953125,91.8,2.316,5053.14
5.79,76.11,2385.0,86.0,92.0,1.251953125,91.79,2.316,5055.19
5.77,76.38,2385.0,83.0,92.0,1.2314453125,91.79,2.316,5057.25
5.69,75.54,2379.0,84.0,96.0,1.2314453125,91.8,2.316,5059.3
5.73,76.42,2385.0,85.0,96.0,1.2314453125,91.79,2.316,5061.36
5.83,72.76,2223.0,83.0,96.0,1.212890625,91.79,2.316,5063.41
5.76,76.79,2385.0,84.0,96.0,1.212890625,91.79,2.316,5065.46
5.59,76.13,2385.0,86.0,96.0,1.19580078125,91.79,2.316,5067.52
5.77,74.12,2385.0,83.0,96.0,1.19580078125,91.79,2.316,5069.58
5.78,76.25,2385.0,81.0,92.0,1.19580078125,91.79,2.316,5071.63
5.76,76.9,2385.0,87.0,96.0,1.1796875,91.79,2.316,5073.69
5.77,77.95,2385.0,86.0,96.0,1.1796875,91.79,2.316,5075.75
5.75,77.82,2385.0,85.0,96.0,1.1650390625,91.79,2.316,5077.81
5.76,75.38,2385.0,86.0,96.0,1.1650390625,91.79,2.316,5079.87
5.66,75.7,2385.0,86.0,96.0,1.1513671875,91.79,2.316,5081.92
5.82,75.96,2385.0,84.0,96.0,1.1513671875,91.8,2.316,5083.99
5.8,75.68,2359.0,82.0,96.0,1.1513671875,91.79,2.316,5086.05
5.77,75.36,2385.0,84.0,93.0,1.13916015625,91.79,2.316,5088.11
5.73,75.31,2385.0,84.0,96.0,1.13916015625,91.77,2.316,5090.17
5.79,75.36,2385.0,86.0,96.0,1.1279296875,91.77,2.316,5092.25
5.82,76.07,2385.0,85.0,96.0,1.1279296875,91.78,2.316,5094.31
5.68,77.11,2385.0,83.0,96.0,1.1279296875,91.78,2.316,5096.38
5.75,75.78,2379.0,84.0,96.0,1.11767578125,91.78,2.316,5098.43
5.75,78.19,2385.0,87.0,96.0,1.11767578125,91.78,2.316,5100.49
5.74,75.36,2385.0,83.0,96.0,1.10791015625,91.79,2.316,5102.55
5.7,76.04,2385.0,80.0,96.0,1.10791015625,91.78,2.316,5104.6
5.81,76.38,2385.0,81.0,92.0,1.10791015625,91.78,2.316,5106.66
5.7,76.22,2385.0,85.0,96.0,1.09912109375,91.78,2.316,5108.72
6.16,76.1,2385.0,80.0,87.0,1.09912109375,91.78,2.316,5110.78
5.86,75.11,2385.0,83.0,96.0,1.0908203125,91.76,2.316,5112.84
5.84,75.2,2385.0,83.0,96.0,1.0908203125,91.76,2.316,5114.92
5.76,76.18,2385.0,85.0,92.0,1.08349609375,91.77,2.316,5116.99
5.84,76.96,2385.0,82.0,96.0,1.08349609375,91.78,2.316,5119.05
5.79,74.79,2385.0,84.0,96.0,1.08349609375,91.78,2.316,5121.12
5.82,75.41,2385.0,83.0,96.0,1.07666015625,91.77,2.316,5123.19
5.74,77.2,2385.0,87.0,93.0,1.07666015625,91.77,2.316,5125.25
5.85,76.81,2385.0,84.0,96.0,1.0703125,91.77,2.316,5127.32
5.83,75.21,2385.0,83.0,96.0,1.0703125,91.77,2.316,5129.39
5.78,75.47,2385.0,84.0,96.0,1.0703125,91.77,2.316,5131.44
5.59,75.52,2385.0,84.0,96.0,1.064453125,91.77,2.316,5133.49
5.8,75.46,2385.0,83.0,96.0,1.064453125,91.77,2.316,5135.55
5.78,75.58,2385.0,83.0,96.0,1.05908203125,91.77,2.316,5137.61
5.76,76.33,2385.0,84.0,96.0,1.05908203125,91.77,2.316,5139.68
5.75,76.9,2385.0,84.0,96.0,1.05419921875,91.76,2.316,5141.74
5.78,75.32,2385.0,86.0,96.0,1.05419921875,91.76,2.316,5143.79
5.75,76.32,2385.0,80.0,93.0,1.05419921875,91.77,2.316,5145.85
5.82,77.04,2385.0,84.0,96.0,1.0498046875,91.77,2.316,5147.91
5.77,77.2,2385.0,82.0,96.0,1.0498046875,91.77,2.316,5149.96
5.83,77.18,2385.0,83.0,96.0,1.04541015625,91.78,2.316,5152.02
5.68,77.54,2385.0,83.0,96.0,1.04541015625,91.77,2.316,5154.07
5.67,75.66,2385.0,82.0,96.0,1.04541015625,91.77,2.316,5156.14
5.79,74.83,2385.0,83.0,96.0,1.04150390625,91.77,2.316,5158.19
5.83,75.29,2385.0,85.0,96.0,1.04150390625,91.76,2.316,5160.25
5.68,78.36,2385.0,83.0,96.0,1.0380859375,91.76,2.316,5162.31
5.99,75.85,2385.0,84.0,95.0,1.0380859375,91.76,2.316,5164.37
5.85,74.04,2385.0,84.0,88.0,1.0380859375,91.77,2.316,5166.43
5.83,75.58,2385.0,83.0,96.0,1.03466796875,91.77,2.316,5168.49
6.22,76.73,2385.0,85.0,96.0,1.03466796875,91.77,2.316,5170.55
5.72,76.46,2385.0,82.0,96.0,1.03173828125,91.77,2.316,5172.61
5.74,77.12,2385.0,84.0,96.0,1.03173828125,91.78,2.316,5174.67
5.69,77.33,2385.0,86.0,96.0,1.03173828125,91.78,2.316,5176.73
5.98,76.23,2385.0,82.0,96.0,1.109375,91.77,2.316,5178.79
5.83,75.69,2385.0,83.0,96.0,1.109375,91.77,2.316,5180.85
5.68,75.47,2385.0,84.0,92.0,1.1005859375,91.77,2.316,5182.91
5.87,75.67,2385.0,85.0,96.0,1.1005859375,91.77,2.316,5184.97
5.72,76.46,2385.0,85.0,92.0,1.09228515625,91.77,2.316,5187.03
5.74,75.77,2385.0,82.0,96.0,1.09228515625,91.77,2.316,5189.1
5.72,75.81,2385.0,85.0,96.0,1.09228515625,91.77,2.316,5191.15
5.81,74.8,2385.0,84.0,96.0,1.08447265625,91.77,2.316,5193.2
5.9,75.25,2385.0,82.0,96.0,1.08447265625,91.77,2.316,5195.27
5.64,77.39,2385.0,81.0,96.0,1.07763671875,91.78,2.316,5197.32
5.79,77.62,2385.0,83.0,96.0,1.07763671875,91.78,2.316,5199.38
5.82,76.37,2385.0,83.0,96.0,1.07763671875,91.78,2.316,5201.43
5.66,74.88,2385.0,83.0,96.0,1.0712890625,91.77,2.316,5203.49
5.76,76.51,2385.0,84.0,96.0,1.0712890625,91.77,2.316,5205.55
5.76,75.17,2385.0,81.0,92.0,1.0654296875,91.78,2.316,5207.62
5.82,74.65,2385.0,80.0,96.0,1.0654296875,91.78,2.316,5209.68
5.64,76.84,2385.0,83.0,96.0,1.0654296875,91.78,2.316,5211.73
5.8,76.23,2385.0,83.0,92.0,1.140625,91.78,2.316,5213.8
5.88,75.68,2385.0,81.0,96.0,1.140625,91.77,2.316,5215.85
5.74,76.76,2385.0,85.0,96.0,1.20947265625,91.76,2.316,5217.91
5.64,74.89,2385.0,85.0,96.0,1.20947265625,91.76,2.316,5219.97
5.79,75.52,2385.0,82.0,96.0,1.27294921875,91.76,2.316,5222.03
5.73,75.31,2385.0,82.0,96.0,1.27294921875,91.77,2.316,5224.09
5.7,76.71,2385.0,81.0,96.0,1.27294921875,91.78,2.316,5226.16
5.73,75.58,2385.0,81.0,93.0,1.33154296875,91.79,2.316,5228.21
6.21,76.5,2385.0,82.0,96.0,1.33154296875,91.78,2.316,5230.28
5.71,76.47,2385.0,81.0,96.0,1.3046875,91.78,2.316,5232.34
5.6,74.89,2385.0,81.0,96.0,1.3046875,91.78,2.316,5234.39
5.8,75.09,2385.0,81.0,96.0,1.3046875,91.78,2.316,5236.45
5.71,75.87,2385.0,82.0,96.0,1.2802734375,91.78,2.316,5238.51
5.91,75.42,2385.0,82.0,96.0,1.2802734375,91.77,2.316,5240.57
5.66,76.35,2385.0,83.0,96.0,1.2578125,91.76,2.316,5242.62
5.8,76.16,2385.0,84.0,96.0,1.2578125,91.77,2.316,5244.68
5.77,76.87,2385.0,79.0,93.0,1.2578125,91.77,2.316,5246.74
5.65,74.92,2385.0,82.0,96.0,1.3173828125,91.75,2.316,5248.8
5.85,74.62,2385.0,82.0,96.0,1.3173828125,91.75,2.316,5250.85
5.91,74.94,2385.0,81.0,96.0,1.29150390625,91.75,2.316,5252.92
5.79,75.96,2385.0,82.0,96.0,1.29150390625,91.75,2.316,5254.98
5.74,77.09,2385.0,84.0,96.0,1.26806640625,91.75,2.316,5257.04
5.88,76.15,2385.0,82.0,96.0,1.26806640625,91.76,2.316,5259.09
5.92,76.48,2385.0,85.0,96.0,1.26806640625,91.76,2.316,5261.17
5.78,75.17,2385.0,84.0,92.0,1.24658203125,91.77,2.316,5263.23
5.92,76.06,2385.0,79.0,96.0,1.24658203125,91.77,2.316,5265.29
5.84,73.93,2385.0,81.0,96.0,1.2265625,91.77,2.316,5267.36
5.73,75.62,2385.0,82.0,96.0,1.2265625,91.76,2.316,5269.42
5.82,74.46,2385.0,79.0,92.0,1.2265625,91.76,2.316,5271.49
5.78,76.11,2385.0,83.0,96.0,1.2080078125,91.76,2.316,5273.57
5.85,76.33,2385.0,82.0,96.0,1.2080078125,91.77,2.316,5275.63
5.57,75.0,2385.0,81.0,96.0,1.19091796875,91.75,2.316,5277.69
5.77,77.18,2385.0,82.0,96.0,1.19091796875,91.74,2.316,5279.75
5.8,77.07,2385.0,82.0,96.0,1.17529296875,91.74,2.316,5281.81
5.72,76.93,2385.0,83.0,96.0,1.17529296875,91.75,2.316,5283.87
5.69,76.52,2385.0,81.0,96.0,1.17529296875,91.77,2.316,5285.93
5.9,74.84,2385.0,83.0,96.0,1.1611328125,91.77,2.316,5288.0
6.2,75.08,2385.0,82.0,93.0,1.1611328125,91.77,2.316,5290.05
5.71,75.62,2385.0,82.0,93.0,1.14794921875,91.78,2.316,5292.11
5.69,77.63,2385.0,86.0,96.0,1.14794921875,91.78,2.316,5294.18
7.16,18.43,2405.0,73.0,3.0,1.14794921875,91.46,2.52,5296.23
7.47,18.11,2405.0,72.0,3.0,1.1357421875,91.06,2.755,5298.27
7.33,17.61,2411.0,71.0,3.0,1.1357421875,90.64,2.995,5300.31
7.15,17.43,2411.0,70.0,3.0,1.12451171875,90.27,3.23,5302.35
7.21,16.94,2411.0,70.0,4.0,1.12451171875,89.94,3.456,5304.39
6.88,16.88,2411.0,69.0,0.0,1.12451171875,90.97,2.394,5306.43
6.59,16.44,2411.0,69.0,2.0,1.1142578125,90.96,2.336,5308.47
5.83,16.46,2411.0,68.0,1.0,1.1142578125,90.82,2.467,5310.51
7.23,16.4,2411.0,68.0,1.0,1.10498046875,90.9,2.45,5312.59
7.42,16.33,2411.0,67.0,1.0,1.10498046875,90.96,2.437,5314.66
7.52,16.31,2411.0,67.0,1.0,1.10498046875,91.0,2.435,5316.75
7.38,16.18,2411.0,66.0,1.0,1.2568359375,91.04,2.434,5318.82
7.22,16.1,2411.0,66.0,2.0,1.2568359375,92.09,1.397,5320.9
7.22,16.03,2411.0,66.0,2.0,1.396484375,91.87,1.648,5322.94
7.27,15.92,2411.0,65.0,3.0,1.396484375,91.64,1.884,5324.99
7.33,15.88,2411.0,65.0,2.0,1.3642578125,91.42,2.118,5327.03
7.39,15.82,2411.0,65.0,3.0,1.3642578125,91.17,2.355,5329.08
6.24,15.4,2411.0,64.0,0.0,1.3642578125,91.29,2.166,5331.12
4.57,77.51,2385.0,78.0,96.0,1.3349609375,88.33,2.17,5333.16
5.72,79.17,2385.0,78.0,96.0,1.3349609375,88.36,2.17,5335.2
5.74,77.88,2385.0,81.0,96.0,1.30810546875,88.38,2.17,5337.26
5.79,75.1,2385.0,75.0,96.0,1.30810546875,88.44,2.171,5339.33
5.66,73.65,2392.0,79.0,96.0,1.30810546875,88.45,2.171,5341.39
5.67,74.08,2385.0,80.0,96.0,1.283203125,88.49,2.171,5343.45
5.75,74.08,2392.0,77.0,96.0,1.283203125,88.53,2.171,5345.51
5.66,73.63,2392.0,76.0,96.0,1.26025390625,88.55,2.171,5347.57
5.97,75.21,2385.0,83.0,96.0,1.26025390625,88.55,2.171,5349.61
5.82,80.5,2385.0,83.0,96.0,1.26025390625,88.59,2.171,5351.69
5.6,82.15,2385.0,83.0,96.0,1.2392578125,88.6,2.171,5353.74
5.6,80.63,2385.0,78.0,96.0,1.2392578125,88.63,2.171,5355.8
5.83,81.9,2385.0,77.0,96.0,1.2197265625,88.65,2.171,5357.87
5.75,81.5,2385.0,78.0,96.0,1.2197265625,88.66,2.171,5359.93
5.67,80.46,2385.0,79.0,96.0,1.2822265625,88.67,2.171,5362.0
5.65,78.23,2385.0,79.0,96.0,1.2822265625,88.68,2.171,5364.05
5.8,75.83,2385.0,79.0,96.0,1.2822265625,88.69,2.171,5366.11
5.68,75.32,2385.0,82.0,96.0,1.25927734375,88.71,2.171,5368.16
5.68,76.47,2392.0,82.0,96.0,1.25927734375,88.72,2.171,5370.21
5.63,75.8,2385.0,80.0,96.0,1.23828125,88.74,2.172,5372.29
5.63,75.42,2385.0,81.0,96.0,1.23828125,88.74,2.172,5374.33
5.86,82.35,2385.0,85.0,96.0,1.23828125,88.77,2.172,5376.43
5.66,83.87,2385.0,86.0,96.0,1.21875,88.79,2.172,5378.48
5.82,82.5,2385.0,82.0,96.0,1.21875,88.8,2.172,5380.55
5.7,83.44,2385.0,82.0,96.0,1.201171875,88.81,2.172,5382.6
5.76,82.86,2385.0,85.0,96.0,1.201171875,88.82,2.172,5384.66
5.6,84.36,2385.0,87.0,96.0,1.201171875,88.83,2.172,5386.71
5.82,79.57,2385.0,82.0,96.0,1.265625,88.84,2.173,5388.78
5.76,78.44,2379.0,87.0,96.0,1.265625,88.85,2.173,5390.83
5.6,75.71,2392.0,80.0,96.0,1.244140625,88.86,2.173,5392.89
5.79,73.46,2340.0,78.0,76.0,1.244140625,88.87,2.173,5394.97
5.64,76.89,2385.0,85.0,96.0,1.22412109375,88.87,2.173,5397.01
5.69,73.08,2333.0,86.0,96.0,1.22412109375,88.88,2.173,5399.07
5.76,82.68,2385.0,87.0,96.0,1.22412109375,88.88,2.173,5401.15
5.68,77.27,2385.0,88.0,96.0,1.2060546875,88.9,2.173,5403.2
5.71,81.76,2385.0,85.0,96.0,1.2060546875,88.9,2.173,5405.25
5.74,78.81,2366.0,82.0,96.0,1.189453125,88.9,2.173,5407.32
5.69,77.18,2203.0,84.0,96.0,1.189453125,88.9,2.173,5409.39
6.19,81.6,2379.0,88.0,96.0,1.189453125,88.93,2.147,5411.45
5.82,76.7,2392.0,85.0,96.0,1.173828125,88.94,2.149,5413.51
5.7,73.54,2385.0,80.0,96.0,1.173828125,88.94,2.149,5415.59
5.77,73.84,2301.0,84.0,96.0,1.15966796875,88.95,2.149,5417.64
5.74,74.72,2379.0,78.0,38.0,1.15966796875,88.94,2.149,5419.7
5.75,79.44,2372.0,83.0,96.0,1.15966796875,88.94,2.149,5421.74
5.63,83.0,2385.0,85.0,96.0,1.30712890625,88.94,2.149,5423.8
5.7,80.02,2385.0,88.0,96.0,1.30712890625,88.94,2.149,5425.86
5.77,79.35,2366.0,86.0,96.0,1.2822265625,88.94,2.149,5427.91
5.66,80.73,2385.0,88.0,96.0,1.2822265625,88.93,2.151,5429.98
5.66,79.17,2379.0,81.0,96.0,1.25927734375,88.94,2.151,5432.05
5.8,73.72,2236.0,83.0,96.0,1.25927734375,88.94,2.152,5434.12
5.81,71.26,2385.0,83.0,66.0,1.25927734375,88.94,2.152,5436.18
5.59,76.49,2398.0,81.0,96.0,1.23828125,88.94,2.152,5438.23
5.81,75.07,2385.0,79.0,96.0,1.23828125,88.94,2.152,5440.27
5.71,76.18,2379.0,80.0,96.0,1.21875,88.94,2.152,5442.32
5.59,77.58,2301.0,88.0,96.0,1.21875,88.93,2.152,5444.37
5.81,79.48,2307.0,82.0,96.0,1.21875,88.93,2.152,5446.44
5.85,76.93,2353.0,81.0,96.0,1.201171875,88.93,2.152,5448.5
5.73,81.43,2385.0,85.0,96.0,1.201171875,88.92,2.15,5450.54
5.63,78.95,2307.0,82.0,96.0,1.18505859375,88.92,2.151,5452.58
5.83,73.48,2392.0,88.0,96.0,1.18505859375,88.93,2.151,5454.64
5.72,72.89,2372.0,83.0,96.0,1.18505859375,88.93,2.151,5456.71
5.83,73.61,2346.0,79.0,71.0,1.25048828125,88.93,2.151,5458.8
5.76,70.2,2333.0,88.0,96.0,1.25048828125,88.92,2.151,5460.87
5.82,75.73,2223.0,80.0,96.0,1.22998046875,88.92,2.151,5462.94
5.7,80.77,2385.0,85.0,96.0,1.22998046875,88.92,2.151,5465.0
5.74,78.05,2385.0,88.0,96.0,1.21142578125,88.93,2.151,5467.04
5.69,81.94,2372.0,81.0,96.0,1.21142578125,88.93,2.151,5469.09
6.23,82.76,2385.0,82.0,96.0,1.21142578125,88.93,2.151,5471.14
5.75,76.56,2366.0,82.0,96.0,1.1943359375,88.92,2.151,5473.21
5.85,75.01,2385.0,88.0,86.0,1.1943359375,88.92,2.151,5475.29
5.8,77.62,2385.0,84.0,96.0,1.1787109375,88.92,2.151,5477.34
5.76,76.22,2398.0,79.0,96.0,1.1787109375,88.92,2.151,5479.41
5.86,71.79,2366.0,82.0,96.0,1.1787109375,88.92,2.151,5481.48
5.85,80.32,2372.0,87.0,96.0,1.24462890625,88.93,2.151,5483.53
5.65,79.55,2359.0,88.0,96.0,1.24462890625,88.93,2.151,5485.59
5.79,81.75,2379.0,84.0,96.0,1.30517578125,88.92,2.151,5487.65
5.8,79.63,2379.0,85.0,96.0,1.30517578125,88.91,2.151,5489.73
5.63,83.8,2385.0,84.0,96.0,1.30517578125,88.92,2.151,5491.78
5.85,79.18,2385.0,86.0,96.0,1.44091796875,88.91,2.153,5493.84
5.77,82.33,2385.0,88.0,96.0,1.44091796875,88.92,2.153,5495.9
5.73,75.29,2320.0,81.0,96.0,1.48583984375,88.93,2.153,5497.95
5.67,75.97,2392.0,80.0,96.0,1.48583984375,88.94,2.153,5500.0
5.7,75.54,2372.0,82.0,96.0,1.52734375,88.94,2.153,5502.08
5.82,73.95,2359.0,83.0,96.0,1.52734375,88.94,2.153,5504.13
5.59,75.98,2385.0,83.0,96.0,1.52734375,88.94,2.153,5506.17
5.82,81.02,2346.0,83.0,96.0,1.5654296875,88.94,2.153,5508.26
5.86,83.16,2385.0,88.0,96.0,1.5654296875,88.94,2.153,5510.31
5.74,79.65,2366.0,88.0,96.0,1.52001953125,88.95,2.154,5512.37
5.67,81.57,2385.0,87.0,96.0,1.52001953125,88.93,2.154,5514.44
5.78,81.93,2379.0,84.0,96.0,1.52001953125,88.94,2.154,5516.49
5.75,80.46,2346.0,81.0,96.0,1.47802734375,88.95,2.154,5518.57
5.71,77.05,2385.0,84.0,96.0,1.47802734375,88.94,2.154,5520.61
5.66,74.04,2385.0,85.0,96.0,1.439453125,88.94,2.154,5522.67
5.87,76.64,2385.0,87.0,96.0,1.439453125,88.94,2.154,5524.73
5.83,78.37,2398.0,83.0,96.0,1.439453125,88.94,2.154,5526.78
5.69,72.46,2379.0,84.0,96.0,1.484375,88.94,2.153,5528.85
6.23,79.57,2379.0,88.0,96.0,1.484375,88.94,2.153,5530.91
5.83,79.79,2379.0,88.0,96.0,1.4453125,88.94,2.156,5533.0
5.7,82.37,2385.0,87.0,96.0,1.4453125,88.92,2.156,5535.06
5.74,81.54,2385.0,87.0,96.0,1.4091796875,88.92,2.156,5537.09
5.94,83.18,2385.0,85.0,96.0,1.4091796875,88.93,2.156,5539.18
5.77,82.19,2366.0,87.0,96.0,1.4091796875,88.93,2.156,5541.22
5.6,81.83,2385.0,81.0,96.0,1.3759765625,88.92,2.156,5543.28
5.76,77.53,2379.0,81.0,96.0,1.3759765625,88.92,2.156,5545.35
5.71,75.47,2385.0,81.0,96.0,1.345703125,88.92,2.156,5547.41
5.78,76.64,2398.0,81.0,96.0,1.345703125,88.93,2.156,5549.49
5.62,75.78,2379.0,85.0,96.0,1.345703125,88.93,2.156,5551.53
5.84,74.9,2385.0,86.0,96.0,1.31787109375,88.92,2.157,5553.62
5.72,78.06,2372.0,81.0,96.0,1.31787109375,88.92,2.157,5555.67
5.71,82.1,2372.0,83.0,96.0,1.2919921875,88.92,2.157,5557.76
5.67,81.01,2385.0,87.0,96.0,1.2919921875,88.92,2.157,5559.81
5.85,81.93,2340.0,87.0,96.0,1.34912109375,88.92,2.158,5561.85
5.87,81.37,2379.0,87.0,96.0,1.34912109375,88.92,2.158,5563.93
5.59,83.32,2359.0,80.0,96.0,1.34912109375,88.92,2.158,5565.97
5.8,80.81,2353.0,85.0,96.0,1.32080078125,88.92,2.158,5568.03
5.84,77.98,2385.0,80.0,96.0,1.32080078125,88.92,2.158,5570.09
5.72,76.03,2392.0,82.0,96.0,1.294921875,88.92,2.158,5572.14
5.9,76.26,2353.0,80.0,54.0,1.294921875,88.93,2.158,5574.21
5.79,78.59,2392.0,82.0,96.0,1.294921875,88.92,2.158,5576.24
5.71,73.47,2320.0,80.0,96.0,1.27099609375,88.92,2.158,5578.32
5.72,77.36,2255.0,82.0,96.0,1.27099609375,88.92,2.158,5580.37
5.71,81.31,2385.0,85.0,96.0,1.2490234375,88.91,2.158,5582.42
5.71,82.17,2385.0,87.0,96.0,1.2490234375,88.92,2.158,5584.5
5.83,83.69,2385.0,86.0,96.0,1.2490234375,88.93,2.158,5586.55
5.79,80.67,2333.0,80.0,96.0,1.22900390625,88.93,2.158,5588.61
6.2,82.24,2385.0,83.0,96.0,1.22900390625,88.92,2.158,5590.67
5.71,83.67,2385.0,82.0,96.0,1.291015625,88.91,2.159,5592.73
5.76,76.51,2385.0,84.0,96.0,1.291015625,88.92,2.159,5594.78
5.91,77.86,2385.0,80.0,96.0,1.34814453125,88.92,2.159,5596.85
5.71,75.06,2392.0,81.0,96.0,1.34814453125,88.93,2.159,5598.89
5.84,75.33,2385.0,77.0,34.0,1.34814453125,88.92,2.159,5600.97
5.75,76.4,2385.0,82.0,96.0,1.31982421875,88.91,2.159,5603.02
5.54,84.14,2379.0,87.0,96.0,1.31982421875,88.91,2.159,5605.06
5.81,82.21,2385.0,86.0,96.0,1.37451171875,88.92,2.159,5607.11
5.77,80.15,2385.0,81.0,96.0,1.37451171875,88.92,2.159,5609.17
5.66,83.54,2385.0,87.0,96.0,1.37451171875,88.92,2.159,5611.21
5.78,82.47,2385.0,87.0,96.0,1.4248046875,88.91,2.161,5613.28
5.74,83.22,2385.0,86.0,96.0,1.4248046875,88.91,2.162,5615.32
5.71,79.41,2385.0,87.0,96.0,1.47119140625,88.91,2.162,5617.38
5.71,77.87,2385.0,85.0,77.0,1.47119140625,88.9,2.162,5619.43
5.98,76.29,2385.0,84.0,96.0,1.47119140625,88.91,2.162,5621.49
5.8,77.01,2385.0,83.0,96.0,1.43310546875,88.92,2.162,5623.55
5.64,78.15,2385.0,82.0,96.0,1.43310546875,88.92,2.162,5625.59
5.79,75.98,2366.0,81.0,96.0,1.39794921875,88.92,2.162,5627.65
5.82,81.99,2385.0,81.0,96.0,1.39794921875,88.91,2.162,5629.7
5.75,81.97,2385.0,81.0,96.0,1.39794921875,88.92,2.162,5631.74
5.93,82.53,2385.0,80.0,96.0,1.4462890625,88.92,2.162,5633.82
5.67,82.78,2385.0,84.0,96.0,1.4462890625,88.92,2.162,5635.87
5.7,81.75,2385.0,81.0,96.0,1.41015625,88.92,2.162,5637.91
5.8,81.29,2385.0,87.0,96.0,1.41015625,88.91,2.162,5639.99
5.82,79.6,2379.0,82.0,96.0,1.376953125,88.91,2.162,5642.03
5.68,74.94,2385.0,86.0,96.0,1.376953125,88.92,2.162,5644.08
5.86,77.85,2385.0,86.0,96.0,1.376953125,88.92,2.162,5646.15
5.78,76.29,2385.0,86.0,96.0,1.3466796875,88.91,2.162,5648.21
5.79,74.53,2379.0,81.0,96.0,1.3466796875,88.92,2.162,5650.28
6.19,76.64,2372.0,83.0,96.0,1.31884765625,88.93,2.162,5652.34
5.88,83.13,2385.0,81.0,96.0,1.31884765625,88.93,2.163,5654.43
5.62,83.63,2385.0,82.0,96.0,1.31884765625,88.94,2.163,5656.48
5.88,82.54,2385.0,81.0,96.0,1.29296875,88.94,2.163,5658.54
5.78,81.69,2385.0,82.0,96.0,1.29296875,88.94,2.163,5660.6
5.54,83.05,2385.0,83.0,96.0,1.26904296875,88.93,2.163,5662.66
5.84,82.87,2385.0,85.0,96.0,1.26904296875,88.94,2.163,5664.73
5.73,80.21,2379.0,84.0,96.0,1.26904296875,88.95,2.163,5666.78
5.83,77.61,2385.0,87.0,96.0,1.32763671875,88.94,2.163,5668.87
5.75,77.14,2385.0,83.0,96.0,1.32763671875,88.94,2.163,5670.93
5.82,76.94,2398.0,81.0,96.0,1.30126953125,88.94,2.163,5673.0
5.82,76.93,2385.0,84.0,96.0,1.30126953125,88.94,2.165,5675.06
5.7,78.24,2385.0,86.0,96.0,1.27685546875,88.93,2.165,5677.13
5.73,80.45,2385.0,82.0,96.0,1.27685546875,88.93,2.165,5679.2
5.73,81.7,2385.0,82.0,96.0,1.27685546875,88.92,2.165,5681.25
5.84,81.86,2385.0,87.0,96.0,1.25439453125,88.93,2.165,5683.29
5.67,79.84,2385.0,82.0,96.0,1.25439453125,88.93,2.165,5685.36
5.9,83.92,2385.0,87.0,96.0,1.23388671875,88.94,2.165,5687.42
5.83,82.42,2385.0,87.0,96.0,1.23388671875,88.93,2.165,5689.48
5.73,83.43,2385.0,86.0,96.0,1.23388671875,88.93,2.165,5691.55
5.85,75.25,2379.0,81.0,43.0,1.21484375,88.92,2.165,5693.62
5.76,76.4,2366.0,80.0,96.0,1.21484375,88.92,2.167,5695.69
5.56,76.29,2372.0,78.0,96.0,1.197265625,88.92,2.167,5697.74
5.54,75.1,2385.0,85.0,96.0,1.197265625,88.92,2.167,5699.8
5.73,76.22,2372.0,78.0,56.0,1.18115234375,88.91,2.167,5701.86
5.77,83.41,2385.0,82.0,96.0,1.18115234375,88.92,2.167,5703.89
5.81,82.83,2385.0,83.0,96.0,1.18115234375,88.92,2.167,5705.96
5.58,80.62,2372.0,87.0,96.0,1.16650390625,88.92,2.167,5708.0
5.66,82.33,2385.0,86.0,96.0,1.16650390625,88.92,2.167,5710.05
6.29,83.0,2385.0,85.0,96.0,1.15283203125,88.92,2.167,5712.14
5.55,82.32,2385.0,81.0,96.0,1.15283203125,88.93,2.167,5714.17
5.69,75.96,2385.0,83.0,96.0,1.15283203125,88.93,2.168,5716.21
5.75,76.07,2392.0,81.0,96.0,1.14013671875,88.93,2.168,5718.26
5.84,75.02,2385.0,85.0,35.0,1.14013671875,88.92,2.168,5720.32
5.71,75.94,2249.0,83.0,96.0,1.12890625,88.92,2.168,5722.37
5.61,75.46,2385.0,77.0,96.0,1.12890625,88.93,2.168,5724.42
5.81,80.88,2372.0,87.0,96.0,1.12890625,88.93,2.168,5726.49
5.51,82.32,2385.0,86.0,96.0,1.1181640625,88.92,2.168,5728.53
5.63,82.87,2385.0,82.0,96.0,1.1181640625,88.92,2.168,5730.57
5.82,82.16,2385.0,81.0,96.0,1.18896484375,88.91,2.168,5732.66
5.55,83.06,2385.0,81.0,96.0,1.18896484375,88.9,2.169,5734.69
5.63,82.27,2385.0,84.0,96.0,1.18896484375,88.91,2.17,5736.73
5.71,80.31,2385.0,82.0,96.0,1.173828125,88.91,2.17,5738.81
5.78,76.03,2385.0,86.0,96.0,1.173828125,88.91,2.17,5740.87
5.64,77.73,2385.0,83.0,96.0,1.15966796875,88.91,2.17,5742.9
5.64,75.56,2398.0,85.0,96.0,1.15966796875,88.91,2.17,5744.96
5.75,75.34,2385.0,77.0,60.0,1.146484375,88.91,2.17,5747.03
5.77,75.9,2385.0,84.0,96.0,1.146484375,88.91,2.17,5749.08
5.65,82.58,2385.0,80.0,96.0,1.146484375,88.91,2.17,5751.15
5.68,82.97,2385.0,81.0,96.0,1.13427734375,88.92,2.17,5753.19
5.87,81.04,2385.0,83.0,96.0,1.13427734375,88.91,2.17,5755.28
5.67,84.16,2385.0,80.0,96.0,1.123046875,88.91,2.17,5757.31
5.66,82.18,2385.0,80.0,96.0,1.123046875,88.91,2.17,5759.38
5.73,82.94,2385.0,81.0,96.0,1.123046875,88.91,2.17,5761.43
5.56,75.01,2385.0,83.0,96.0,1.11279296875,88.91,2.17,5763.47
5.85,78.17,2385.0,82.0,55.0,1.11279296875,88.91,2.17,5765.5
5.69,75.38,2385.0,86.0,96.0,1.18408203125,88.9,2.17,5767.56
5.7,77.71,2392.0,78.0,96.0,1.18408203125,88.9,2.17,5769.62
6.14,76.17,2372.0,87.0,96.0,1.18408203125,88.91,2.17,5771.67
5.75,80.77,2379.0,83.0,96.0,1.1689453125,88.89,2.17,5773.74
5.72,82.57,2385.0,80.0,96.0,1.1689453125,88.89,2.17,5775.77
5.75,83.45,2366.0,81.0,96.0,1.1552734375,88.89,2.17,5777.81
5.58,81.71,2379.0,85.0,96.0,1.1552734375,88.89,2.17,5779.87
5.77,81.58,2366.0,80.0,96.0,1.142578125,88.88,2.17,5781.93
5.72,82.29,2385.0,85.0,96.0,1.142578125,88.89,2.17,5783.98
5.7,80.94,2359.0,80.0,96.0,1.142578125,88.89,2.17,5786.05
5.44,77.31,2385.0,83.0,96.0,1.130859375,88.88,2.17,5788.08
5.78,76.47,2385.0,81.0,96.0,1.130859375,88.88,2.17,5790.13
5.81,76.06,2398.0,78.0,44.0,1.20068359375,88.88,2.17,5792.2
5.56,77.77,2385.0,81.0,96.0,1.20068359375,88.89,2.17,5794.24
5.71,76.01,2385.0,83.0,96.0,1.20068359375,88.89,2.17,5796.31
5.71,82.29,2385.0,84.0,96.0,1.1845703125,88.89,2.17,5798.36
5.6,82.81,2385.0,87.0,96.0,1.1845703125,88.89,2.17,5800.39
5.61,82.84,2385.0,86.0,96.0,1.16943359375,88.89,2.17,5802.43
5.75,81.56,2385.0,87.0,96.0,1.16943359375,88.89,2.17,5804.5
5.68,84.11,2385.0,82.0,96.0,1.16943359375,88.87,2.17,5806.54
5.74,82.1,2385.0,81.0,96.0,1.15576171875,88.89,2.17,5808.61
5.67,75.34,2385.0,80.0,96.0,1.15576171875,88.89,2.17,5810.65
5.76,77.01,2385.0,80.0,96.0,1.14306640625,88.88,2.171,5812.69
5.72,74.14,2346.0,82.0,96.0,1.14306640625,88.89,2.171,5814.76
5.6,76.89,2385.0,87.0,96.0,1.14306640625,88.9,2.171,5816.81
5.67,77.23,2385.0,84.0,96.0,1.2119140625,88.9,2.171,5818.86
5.81,79.25,2385.0,78.0,77.0,1.2119140625,88.89,2.171,5820.92
5.63,82.16,2385.0,81.0,96.0,1.19482421875,88.89,2.171,5822.99
5.63,82.64,2385.0,86.0,96.0,1.19482421875,88.88,2.171,5825.06
5.7,82.65,2385.0,81.0,96.0,1.259765625,88.87,2.171,5827.09
5.68,82.22,2385.0,84.0,96.0,1.259765625,88.87,2.171,5829.16
6.05,82.67,2385.0,86.0,96.0,1.259765625,88.88,2.171,5831.22
5.66,83.24,2385.0,87.0,96.0,1.3193359375,88.88,2.171,5833.26
5.74,75.86,2385.0,86.0,96.0,1.3193359375,88.89,2.171,5835.32
5.71,75.15,2398.0,80.0,96.0,1.29345703125,88.89,2.171,5837.37
5.58,76.07,2385.0,82.0,86.0,1.29345703125,88.9,2.171,5839.41
5.67,76.64,2398.0,79.0,96.0,1.29345703125,88.91,2.171,5841.46
5.67,76.79,2385.0,81.0,96.0,1.26953125,88.9,2.171,5843.52
5.59,83.71,2385.0,82.0,96.0,1.26953125,88.89,2.171,5845.57
5.74,81.94,2385.0,82.0,96.0,1.24755859375,88.9,2.171,5847.62
5.83,82.72,2385.0,83.0,96.0,1.24755859375,88.91,2.171,5849.7
5.77,83.67,2385.0,87.0,96.0,1.24755859375,88.92,2.171,5851.74
5.62,80.25,2385.0,81.0,96.0,1.2275390625,88.91,2.171,5853.8
5.74,83.26,2366.0,82.0,96.0,1.2275390625,88.91,2.171,5855.85
5.74,80.08,2385.0,87.0,55.0,1.208984375,88.91,2.171,5857.9
5.64,75.57,2385.0,82.0,96.0,1.208984375,88.91,2.171,5859.97
5.78,78.49,2385.0,85.0,67.0,1.19189453125,88.9,2.172,5862.01
5.69,75.01,2398.0,84.0,96.0,1.19189453125,88.9,2.172,5864.06
5.69,77.07,2372.0,78.0,96.0,1.19189453125,88.9,2.172,5866.12
5.71,78.07,2372.0,82.0,96.0,1.17626953125,88.89,2.172,5868.16
5.83,82.79,2385.0,83.0,96.0,1.17626953125,88.89,2.172,5870.24
5.75,82.9,2372.0,83.0,96.0,1.162109375,88.9,2.172,5872.29
5.58,82.61,2385.0,81.0,96.0,1.162109375,88.9,2.172,5874.35
5.77,82.39,2385.0,83.0,96.0,1.162109375,88.9,2.172,5876.41
5.68,84.4,2385.0,83.0,96.0,1.14892578125,88.91,2.172,5878.45
5.69,81.55,2372.0,83.0,96.0,1.14892578125,88.91,2.169,5880.5
5.86,78.31,2385.0,81.0,96.0,1.13671875,88.9,2.171,5882.56
5.68,75.7,2385.0,86.0,96.0,1.13671875,88.9,2.171,5884.62
5.84,77.54,2392.0,81.0,96.0,1.13671875,88.9,2.171,5886.7
5.52,76.98,2385.0,77.0,36.0,1.12548828125,88.9,2.171,5888.74
5.6,76.66,2385.0,85.0,96.0,1.12548828125,88.9,2.171,5890.78
6.16,80.65,2366.0,83.0,96.0,1.115234375,88.9,2.171,5892.86
5.59,83.93,2385.0,82.0,96.0,1.115234375,88.91,2.171,5894.89
5.74,82.46,2385.0,86.0,96.0,1.10595703125,88.91,2.171,5896.95
5.97,83.73,2385.0,86.0,96.0,1.10595703125,88.9,2.171,5899.01
5.79,79.88,2385.0,87.0,96.0,1.10595703125,88.89,2.171,5901.06
5.65,84.13,2385.0,86.0,96.0,1.09716796875,88.89,2.171,5903.14
5.71,82.6,2385.0,80.0,96.0,1.09716796875,88.89,2.171,5905.2
5.73,76.2,2385.0,84.0,96.0,1.08935546875,88.9,2.171,5907.27
5.62,78.47,2385.0,81.0,96.0,1.08935546875,88.91,2.171,5909.31
5.76,74.72,2288.0,83.0,96.0,1.08935546875,88.91,2.171,5911.38
5.66,77.24,2385.0,83.0,96.0,1.08203125,88.91,2.171,5913.43
5.8,77.79,2392.0,81.0,96.0,1.08203125,88.9,2.171,5915.52
5.62,76.93,2385.0,80.0,90.0,1.0751953125,88.9,2.171,5917.57
5.76,83.1,2385.0,80.0,96.0,1.0751953125,88.91,2.171,5919.64
5.82,81.19,2301.0,83.0,96.0,1.0751953125,88.9,2.172,5921.68
5.76,82.72,2385.0,81.0,96.0,1.06884765625,88.92,2.172,5923.74
5.61,83.32,2385.0,80.0,96.0,1.06884765625,88.91,2.172,5925.79
5.95,83.11,2385.0,81.0,96.0,1.06298828125,88.9,2.172,5927.87
5.77,81.6,2385.0,80.0,96.0,1.06298828125,88.88,2.172,5929.92
5.7,81.55,2385.0,86.0,96.0,1.13818359375,88.9,2.172,5931.99
5.74,77.25,2385.0,86.0,96.0,1.13818359375,88.9,2.172,5934.04
5.77,77.08,2379.0,86.0,84.0,1.13818359375,88.91,2.172,5936.11
5.72,76.04,2398.0,86.0,96.0,1.126953125,88.91,2.172,5938.17
5.63,77.38,2385.0,83.0,96.0,1.126953125,88.91,2.172,5940.24
5.81,75.3,2333.0,80.0,96.0,1.11669921875,88.92,2.172,5942.29
5.71,80.14,2385.0,81.0,96.0,1.11669921875,88.91,2.172,5944.36
5.77,82.47,2385.0,83.0,96.0,1.11669921875,88.91,2.172,5946.44
5.64,81.15,2385.0,82.0,96.0,1.1875,88.92,2.172,5948.51
5.72,81.61,2372.0,86.0,96.0,1.1875,88.91,2.172,5950.57
6.32,84.29,2379.0,84.0,96.0,1.3330078125,88.92,2.172,5952.63
5.8,82.53,2385.0,80.0,96.0,1.3330078125,88.92,2.172,5954.7
5.7,82.06,2385.0,81.0,96.0,1.3330078125,88.91,2.172,5956.75
5.84,81.25,2385.0,82.0,96.0,1.30615234375,88.92,2.172,5958.82
5.78,78.56,2385.0,80.0,96.0,1.30615234375,88.92,2.172,5960.88
5.75,77.39,2398.0,82.0,96.0,1.28125,88.92,2.172,5962.94
5.7,78.3,2385.0,78.0,79.0,1.28125,88.91,2.172,5964.99
5.77,76.74,2392.0,86.0,96.0,1.25830078125,88.91,2.172,5967.05
5.87,77.24,2385.0,77.0,96.0,1.25830078125,88.91,2.172,5969.11
5.67,81.86,2372.0,87.0,96.0,1.25830078125,88.9,2.172,5971.18
5.76,83.65,2385.0,86.0,96.0,1.2373046875,88.9,2.172,5973.23
5.9,82.33,2385.0,86.0,96.0,1.2373046875,88.9,2.172,5975.29
5.71,83.78,2385.0,83.0,96.0,1.298828125,88.91,2.172,5977.35
5.73,81.11,2385.0,87.0,96.0,1.298828125,88.92,2.172,5979.42
5.69,83.39,2379.0,86.0,96.0,1.298828125,88.92,2.172,5981.48
5.78,82.42,2385.0,87.0,96.0,1.2744140625,88.92,2.172,5983.54
5.73,78.24,2385.0,83.0,96.0,1.2744140625,88.93,2.172,5985.6
5.84,76.82,2385.0,85.0,96.0,1.251953125,88.93,2.173,5987.66
5.73,78.53,2392.0,87.0,96.0,1.251953125,88.92,2.173,5989.72
5.64,77.05,2385.0,81.0,96.0,1.251953125,88.92,2.173,5991.78
5.76,78.41,2385.0,87.0,96.0,1.2314453125,88.93,2.173,5993.84
5.8,77.54,2385.0,87.0,96.0,1.2314453125,88.92,2.173,5995.91
5.76,82.37,2385.0,86.0,96.0,1.212890625,88.92,2.173,5997.96
5.77,80.82,2379.0,87.0,96.0,1.212890625,88.93,2.173,6000.01
5.88,83.91,2379.0,82.0,96.0,1.19580078125,88.92,2.173,6002.09
5.81,82.46,2385.0,84.0,96.0,1.19580078125,88.91,2.173,6004.16
5.71,80.54,2385.0,83.0,96.0,1.19580078125,88.92,2.173,6006.21
5.79,82.27,2385.0,86.0,96.0,1.26025390625,88.92,2.173,6008.28
5.82,84.14,2385.0,87.0,96.0,1.26025390625,88.92,2.173,6010.35
6.19,75.7,2385.0,87.0,86.0,1.2392578125,88.92,2.173,6012.42
5.78,76.76,2392.0,81.0,96.0,1.2392578125,88.92,2.173,6014.47
5.77,74.02,2314.0,81.0,96.0,1.2392578125,88.92,2.173,6016.53
5.75,76.68,2398.0,84.0,96.0,1.2197265625,88.91,2.173,6018.58
5.71,77.96,2385.0,79.0,81.0,1.2197265625,88.92,2.173,6020.65
5.91,79.64,2385.0,80.0,96.0,1.20166015625,88.9,2.173,6022.73
5.77,79.96,2385.0,81.0,96.0,1.20166015625,88.9,2.173,6024.78
5.69,84.49,2385.0,82.0,96.0,1.20166015625,88.91,2.173,6026.87
5.74,82.7,2385.0,80.0,96.0,1.265625,88.92,2.173,6028.93
5.77,82.85,2379.0,81.0,96.0,1.265625,88.92,2.173,6031.0
5.75,82.1,2385.0,81.0,96.0,1.32470703125,88.9,2.173,6033.07
5.64,83.85,2385.0,81.0,96.0,1.32470703125,88.92,2.173,6035.14
5.79,81.11,2385.0,80.0,96.0,1.29833984375,88.93,2.173,6037.2
5.8,77.34,2320.0,80.0,96.0,1.29833984375,88.93,2.173,6039.26
5.75,76.98,2385.0,81.0,96.0,1.29833984375,88.93,2.173,6041.32
5.74,78.72,2392.0,82.0,96.0,1.2744140625,88.93,2.173,6043.38
5.78,76.66,2385.0,84.0,96.0,1.2744140625,88.91,2.173,6045.44
5.86,77.98,2385.0,82.0,96.0,1.251953125,88.9,2.173,6047.49
5.64,83.13,2385.0,83.0,96.0,1.251953125,88.91,2.173,6049.55
5.83,82.41,2385.0,82.0,96.0,1.251953125,88.91,2.173,6051.61
5.71,81.29,2346.0,81.0,96.0,1.31201171875,88.91,2.173,6053.66
5.72,84.22,2385.0,81.0,96.0,1.31201171875,88.9,2.173,6055.75
5.64,81.36,2385.0,81.0,96.0,1.28662109375,88.9,2.173,6057.81
5.88,83.74,2385.0,84.0,96.0,1.28662109375,88.9,2.173,6059.88
5.77,82.27,2385.0,80.0,96.0,1.26318359375,88.91,2.173,6061.94
5.59,76.49,2385.0,82.0,96.0,1.26318359375,88.9,2.173,6064.0
5.75,77.63,2385.0,82.0,96.0,1.26318359375,88.91,2.173,6066.05
5.78,77.46,2385.0,82.0,56.0,1.24169921875,88.91,2.173,6068.12
5.75,76.61,2385.0,81.0,96.0,1.24169921875,88.92,2.173,6070.16
6.1,76.45,2392.0,78.0,96.0,1.22216796875,88.91,2.173,6072.23
5.76,77.82,2385.0,82.0,96.0,1.22216796875,88.92,2.173,6074.29
5.79,82.66,2385.0,87.0,96.0,1.22216796875,88.92,2.173,6076.39
5.81,83.47,2385.0,87.0,96.0,1.2041015625,88.92,2.173,6078.44
5.65,81.79,2385.0,86.0,96.0,1.2041015625,88.92,2.173,6080.5
5.66,83.06,2385.0,83.0,96.0,1.1875,88.92,2.173,6082.57
5.82,82.3,2385.0,87.0,96.0,1.1875,88.92,2.173,6084.63
5.76,82.65,2385.0,81.0,96.0,1.1875,88.92,2.173,6086.71
5.69,78.35,2340.0,85.0,96.0,1.17236328125,88.92,2.173,6088.75
5.73,76.07,2385.0,81.0,96.0,1.17236328125,88.93,2.173,6090.84
5.77,77.47,2385.0,80.0,96.0,1.158203125,88.92,2.173,6092.89
5.73,78.08,2392.0,77.0,72.0,1.158203125,88.91,2.173,6094.98
5.75,76.97,2385.0,81.0,96.0,1.1455078125,88.91,2.173,6097.04
5.83,77.22,2392.0,83.0,96.0,1.1455078125,88.91,2.173,6099.11
5.81,79.23,2255.0,80.0,96.0,1.1455078125,88.92,2.173,6101.18
5.57,83.67,2385.0,83.0,96.0,1.1337890625,88.92,2.173,6103.23
5.75,82.48,2385.0,81.0,96.0,1.1337890625,88.92,2.173,6105.29
5.91,83.47,2353.0,81.0,96.0,1.123046875,88.93,2.173,6107.37
5.79,82.55,2385.0,80.0,96.0,1.123046875,88.94,2.173,6109.44
5.6,83.57,2366.0,83.0,96.0,1.123046875,88.93,2.173,6111.49
5.81,81.73,2372.0,80.0,96.0,1.11279296875,88.93,2.173,6113.56
5.79,78.96,2385.0,80.0,96.0,1.11279296875,88.92,2.173,6115.61
5.63,75.73,2385.0,82.0,96.0,1.103515625,88.93,2.173,6117.68
5.67,78.49,2385.0,80.0,96.0,1.103515625,88.92,2.173,6119.74
5.8,76.75,2392.0,82.0,96.0,1.103515625,88.91,2.173,6121.8
5.74,78.37,2385.0,78.0,73.0,1.09521484375,88.92,2.173,6123.86
5.56,75.99,2385.0,81.0,96.0,1.09521484375,88.93,2.173,6125.93
5.74,81.74,2385.0,85.0,96.0,1.08740234375,88.93,2.173,6127.99
5.74,82.85,2385.0,81.0,96.0,1.08740234375,88.93,2.173,6130.03
6.29,82.66,2385.0,85.0,96.0,1.080078125,88.93,2.173,6132.12
5.63,81.13,2379.0,81.0,96.0,1.080078125,88.94,2.174,6134.16
5.82,82.59,2385.0,85.0,96.0,1.080078125,88.93,2.174,6136.25
5.83,82.89,2385.0,81.0,96.0,1.0732421875,88.93,2.174,6138.3
5.92,82.04,2385.0,84.0,96.0,1.0732421875,88.93,2.174,6140.37
5.62,78.47,2379.0,85.0,57.0,1.06689453125,88.93,2.174,6142.42
5.79,75.75,2385.0,85.0,96.0,1.06689453125,88.93,2.174,6144.49
5.68,77.5,2385.0,77.0,96.0,1.06689453125,88.92,2.174,6146.53
5.7,76.7,2385.0,85.0,96.0,1.0615234375,88.93,2.174,6148.61
5.72,75.54,2385.0,87.0,96.0,1.0615234375,88.92,2.174,6150.66
5.75,81.43,2372.0,81.0,96.0,1.13671875,88.93,2.174,6152.7
5.76,82.02,2366.0,82.0,96.0,1.13671875,88.93,2.174,6154.76
5.64,84.15,2385.0,83.0,96.0,1.13671875,88.91,2.174,6156.81
5.75,82.4,2385.0,86.0,96.0,1.2060546875,88.92,2.174,6158.88
5.75,84.09,2385.0,87.0,96.0,1.2060546875,88.93,2.174,6160.93
5.65,81.2,2327.0,80.0,96.0,1.189453125,88.92,2.174,6163.0
5.75,83.79,2385.0,80.0,96.0,1.189453125,88.92,2.174,6165.08
5.81,76.72,2385.0,80.0,96.0,1.173828125,88.93,2.174,6167.14
5.77,77.39,2385.0,85.0,96.0,1.173828125,88.93,2.174,6169.2
5.57,76.01,2385.0,83.0,93.0,1.173828125,88.93,2.174,6171.26
5.83,77.56,2392.0,80.0,96.0,1.240234375,88.93,2.174,6173.34
5.75,75.14,2333.0,81.0,96.0,1.240234375,88.92,2.174,6175.38
5.8,78.79,2366.0,83.0,96.0,1.220703125,88.92,2.174,6177.46
5.64,83.86,2385.0,81.0,96.0,1.220703125,88.93,2.174,6179.5
5.81,81.82,2379.0,83.0,96.0,1.220703125,88.93,2.174,6181.56
5.77,81.39,2385.0,82.0,96.0,1.20263671875,88.92,2.174,6183.63
5.65,82.12,2385.0,82.0,96.0,1.20263671875,88.92,2.174,6185.69
5.76,83.99,2385.0,84.0,96.0,1.18603515625,88.93,2.174,6187.75
5.79,80.88,2385.0,81.0,96.0,1.18603515625,88.93,2.174,6189.81
5.67,75.92,2385.0,83.0,96.0,1.18603515625,88.93,2.174,6191.88
6.2,78.38,2385.0,84.0,96.0,1.33154296875,88.93,2.174,6193.92
5.83,76.94,2392.0,82.0,96.0,1.33154296875,88.93,2.174,6195.99
5.7,78.1,2379.0,77.0,57.0,1.38525390625,88.93,2.174,6198.03
5.79,76.66,2385.0,83.0,96.0,1.38525390625,88.92,2.174,6200.09
5.77,75.9,2385.0,84.0,96.0,1.4345703125,88.93,2.174,6202.15
5.94,82.36,2385.0,82.0,96.0,1.4345703125,88.92,2.174,6204.25
5.53,82.21,2385.0,87.0,96.0,1.4345703125,88.92,2.174,6206.29
5.81,80.91,2385.0,82.0,96.0,1.47998046875,88.92,2.174,6208.35
5.77,83.67,2385.0,87.0,96.0,1.47998046875,88.93,2.174,6210.41
5.68,82.59,2385.0,87.0,96.0,1.52197265625,88.93,2.174,6212.47
5.76,82.56,2385.0,87.0,96.0,1.52197265625,88.91,2.174,6214.54
5.78,80.88,2385.0,86.0,89.0,1.52197265625,88.92,2.174,6216.58
5.84,78.61,2385.0,87.0,96.0,1.47998046875,88.93,2.174,6218.66
5.71,75.96,2385.0,84.0,96.0,1.47998046875,88.93,2.174,6220.74
5.72,78.44,2385.0,86.0,96.0,1.44140625,88.92,2.174,6222.79
5.65,75.41,2398.0,86.0,96.0,1.44140625,88.93,2.174,6224.85
5.83,76.07,2385.0,85.0,96.0,1.44140625,88.92,2.174,6226.92
5.64,81.41,2385.0,87.0,96.0,1.40576171875,88.92,2.174,6228.97
5.72,82.12,2385.0,86.0,96.0,1.40576171875,88.92,2.174,6231.02
5.7,83.36,2385.0,85.0,96.0,1.373046875,88.93,2.174,6233.07
5.71,81.91,2385.0,87.0,96.0,1.373046875,88.91,2.174,6235.13
5.76,83.97,2385.0,86.0,96.0,1.3427734375,88.91,2.174,6237.19
5.72,82.69,2385.0,87.0,96.0,1.3427734375,88.92,2.174,6239.24
5.75,80.62,2372.0,87.0,96.0,1.3427734375,88.92,2.174,6241.31
5.76,77.28,2385.0,86.0,96.0,1.31494140625,88.92,2.174,6243.37
5.63,78.03,2385.0,87.0,78.0,1.31494140625,88.92,2.174,6245.43
5.82,75.32,2385.0,86.0,96.0,1.28955078125,88.91,2.174,6247.5
5.69,78.49,2379.0,77.0,96.0,1.28955078125,88.92,2.174,6249.55
5.65,76.83,2385.0,87.0,96.0,1.28955078125,88.92,2.174,6251.61
6.18,79.37,2385.0,87.0,96.0,1.26611328125,88.91,2.174,6253.66
5.83,81.63,2385.0,84.0,96.0,1.26611328125,88.91,2.174,6255.76
5.71,83.53,2379.0,86.0,96.0,1.24462890625,88.9,2.174,6257.8
5.7,81.85,2385.0,87.0,96.0,1.24462890625,88.9,2.174,6259.86
5.83,83.32,2385.0,83.0,96.0,1.24462890625,88.9,2.174,6261.93
5.74,81.88,2372.0,87.0,96.0,1.30517578125,88.91,2.174,6263.98
5.68,82.97,2385.0,87.0,96.0,1.30517578125,88.91,2.174,6266.05
5.67,80.4,2385.0,86.0,96.0,1.2802734375,88.91,2.174,6268.11
5.79,77.0,2385.0,87.0,96.0,1.2802734375,88.92,2.174,6270.17
5.74,76.74,2392.0,85.0,96.0,1.2578125,88.91,2.174,6272.22
5.81,77.92,2385.0,85.0,96.0,1.2578125,88.91,2.174,6274.28
5.53,74.36,2392.0,86.0,96.0,1.2578125,88.91,2.174,6276.33
5.83,77.68,2385.0,84.0,96.0,1.23681640625,88.91,2.174,6278.42
5.67,82.19,2385.0,84.0,96.0,1.23681640625,88.9,2.174,6280.48
5.75,81.17,2385.0,87.0,96.0,1.2177734375,88.9,2.174,6282.54
5.67,82.61,2385.0,87.0,96.0,1.2177734375,88.89,2.174,6284.58
5.88,83.48,2385.0,87.0,96.0,1.2177734375,88.9,2.174,6286.66
5.85,82.17,2385.0,86.0,96.0,1.28076171875,88.91,2.174,6288.73
5.6,82.81,2385.0,85.0,96.0,1.28076171875,88.9,2.174,6290.79
5.68,82.23,2385.0,87.0,96.0,1.2578125,88.9,2.174,6292.86
5.74,78.2,2385.0,87.0,96.0,1.2578125,88.9,2.174,6294.92
5.71,77.54,2385.0,82.0,96.0,1.23681640625,88.9,2.174,6296.97
5.69,77.54,2392.0,83.0,96.0,1.23681640625,88.91,2.174,6299.03
5.84,77.52,2385.0,77.0,55.0,1.23681640625,88.91,2.174,6301.06
5.86,74.9,2385.0,85.0,96.0,1.2177734375,88.91,2.174,6303.14
5.56,77.47,2385.0,86.0,96.0,1.2177734375,88.91,2.174,6305.19
5.97,81.38,2385.0,82.0,96.0,1.2001953125,88.9,2.174,6307.28
5.78,82.91,2385.0,81.0,96.0,1.2001953125,88.89,2.174,6309.33
6.08,81.54,2385.0,86.0,96.0,1.2001953125,88.9,2.174,6311.38
6.15,83.58,2385.0,82.0,96.0,1.2646484375,88.9,2.174,6313.44
5.89,81.7,2385.0,80.0,96.0,1.2646484375,88.9,2.174,6315.49
5.74,83.75,2385.0,81.0,96.0,1.2431640625,88.9,2.174,6317.55
6.04,79.92,2385.0,85.0,96.0,1.2431640625,88.9,2.174,6319.62
5.78,76.05,2392.0,80.0,96.0,1.2431640625,88.9,2.174,6321.68
5.69,78.0,2385.0,82.0,96.0,1.2236328125,88.9,2.174,6323.72
5.81,75.45,2392.0,80.0,96.0,1.2236328125,88.91,2.174,6325.78
5.81,78.08,2385.0,83.0,96.0,1.20556640625,88.91,2.174,6327.85
5.79,76.82,2385.0,86.0,96.0,1.20556640625,88.91,2.174,6329.92
5.8,82.93,2385.0,85.0,96.0,1.18896484375,88.91,2.174,6331.98
5.81,81.44,2353.0,82.0,96.0,1.18896484375,88.9,2.175,6334.01
5.83,83.3,2385.0,82.0,96.0,1.18896484375,88.9,2.175,6336.1
5.83,82.94,2385.0,84.0,96.0,1.173828125,88.89,2.175,6338.15
5.71,80.2,2379.0,84.0,96.0,1.173828125,88.9,2.175,6340.21
5.79,84.19,2385.0,86.0,96.0,1.15966796875,88.91,2.175,6342.27
5.54,80.52,2385.0,87.0,96.0,1.15966796875,88.9,2.175,6344.34
5.83,78.15,2379.0,85.0,96.0,1.15966796875,88.9,2.175,6346.4
5.84,76.22,2385.0,86.0,72.0,1.146484375,88.9,2.175,6348.46
5.75,77.41,2392.0,86.0,96.0,1.146484375,88.9,2.175,6350.52
5.73,76.33,2385.0,77.0,96.0,1.13427734375,88.9,2.175,6352.59
5.81,78.76,2385.0,86.0,96.0,1.13427734375,88.9,2.175,6354.65
5.78,81.53,2385.0,86.0,96.0,1.13427734375,88.9,2.175,6356.72
5.6,83.58,2385.0,85.0,96.0,1.123046875,88.9,2.175,6358.77
5.82,80.84,2372.0,82.0,96.0,1.123046875,88.9,2.175,6360.83
5.77,84.3,2385.0,83.0,96.0,1.11279296875,88.91,2.175,6362.9
5.96,81.21,2379.0,87.0,96.0,1.11279296875,88.9,2.175,6364.97
5.76,83.54,2385.0,82.0,96.0,1.103515625,88.91,2.175,6367.02
5.81,82.13,2385.0,86.0,96.0,1.103515625,88.91,2.175,6369.1
5.83,79.34,2385.0,87.0,96.0,1.103515625,88.9,2.175,6371.15
6.02,73.11,2392.0,85.0,96.0,1.09521484375,88.91,2.175,6373.22
5.77,77.8,2385.0,82.0,93.0,1.09521484375,88.9,2.175,6375.28
5.93,76.99,2392.0,87.0,96.0,1.08740234375,88.91,2.175,6377.35
5.93,78.61,2385.0,84.0,96.0,1.08740234375,88.91,2.175,6379.41
5.75,76.99,2385.0,87.0,96.0,1.08740234375,88.9,2.175,6381.47
5.81,83.72,2385.0,87.0,96.0,1.080078125,88.89,2.175,6383.52
5.81,82.8,2385.0,87.0,96.0,1.080078125,88.89,2.175,6385.58
5.77,83.27,2385.0,84.0,96.0,1.0732421875,88.9,2.175,6387.64
5.85,83.05,2385.0,85.0,96.0,1.0732421875,88.9,2.175,6389.71
5.78,84.01,2385.0,85.0,96.0,1.0732421875,88.9,2.175,6391.76
5.64,82.41,2385.0,86.0,96.0,1.06689453125,88.91,2.175,6393.82
5.75,83.27,2385.0,83.0,96.0,1.06689453125,88.91,2.175,6395.87
5.84,77.13,2385.0,82.0,96.0,1.0615234375,88.91,2.175,6397.94
5.62,78.72,2385.0,86.0,96.0,1.0615234375,88.91,2.175,6399.99
5.82,75.61,2385.0,80.0,96.0,1.05615234375,88.92,2.175,6402.06
5.79,75.6,2385.0,77.0,35.0,1.05615234375,88.92,2.175,6404.12
5.68,76.23,2379.0,87.0,96.0,1.05615234375,88.91,2.175,6406.16
5.85,79.56,2366.0,87.0,96.0,1.05126953125,88.89,2.175,6408.24
5.86,82.08,2379.0,87.0,96.0,1.05126953125,88.89,2.175,6410.29
5.89,83.95,2385.0,82.0,96.0,1.046875,88.89,2.175,6412.38
5.67,82.48,2385.0,82.0,96.0,1.046875,88.9,2.175,6414.43
5.84,83.32,2385.0,86.0,96.0,1.046875,88.89,2.175,6416.5
5.89,81.18,2366.0,86.0,96.0,1.04296875,88.88,2.175,6418.56
5.69,83.84,2385.0,81.0,96.0,1.04296875,88.88,2.175,6420.62
5.67,79.78,2385.0,82.0,96.0,1.0390625,88.89,2.175,6422.67
5.78,77.74,2385.0,84.0,96.0,1.0390625,88.89,2.175,6424.75
5.64,77.61,2398.0,86.0,96.0,1.0390625,88.9,2.175,6426.79
5.79,76.81,2359.0,87.0,96.0,1.03564453125,88.9,2.175,6428.85
5.8,77.99,2392.0,85.0,96.0,1.03564453125,88.9,2.175,6430.89
6.25,76.82,2385.0,78.0,96.0,1.03271484375,88.89,2.175,6432.97
5.5,84.18,2385.0,87.0,96.0,1.03271484375,88.9,2.175,6435.0
5.72,80.24,2385.0,82.0,96.0,1.02978515625,88.91,2.175,6437.05
5.78,83.69,2385.0,85.0,96.0,1.02978515625,88.91,2.175,6439.12
5.57,82.32,2385.0,86.0,96.0,1.02978515625,88.91,2.175,6441.18
5.84,82.71,2385.0,87.0,96.0,1.02734375,88.92,2.175,6443.25
5.72,81.3,2385.0,87.0,96.0,1.02734375,88.92,2.175,6445.29
5.81,83.87,2385.0,87.0,96.0,1.02490234375,88.9,2.175,6447.37
5.61,76.89,2385.0,83.0,96.0,1.02490234375,88.91,2.175,6449.42
5.69,77.09,2385.0,83.0,96.0,1.02490234375,88.91,2.175,6451.47
5.74,76.27,2385.0,81.0,96.0,1.0224609375,88.91,2.175,6453.52
5.8,78.37,2392.0,81.0,96.0,1.0224609375,88.91,2.175,6455.58
5.61,77.46,2379.0,82.0,96.0,1.0205078125,88.91,2.175,6457.63
5.76,77.45,2385.0,85.0,96.0,1.0205078125,88.91,2.175,6459.69
5.77,83.2,2385.0,85.0,96.0,1.0205078125,88.91,2.175,6461.75
5.72,82.32,2385.0,81.0,96.0,1.0185546875,88.91,2.175,6463.81
5.6,82.37,2385.0,85.0,96.0,1.0185546875,88.91,2.175,6465.85
5.88,81.26,2340.0,85.0,96.0,1.0166015625,88.92,2.175,6467.94
5.72,83.5,2385.0,81.0,96.0,1.0166015625,88.92,2.175,6469.97
5.77,82.49,2385.0,83.0,96.0,1.01513671875,88.91,2.175,6472.06
5.66,79.39,2379.0,84.0,96.0,1.01513671875,88.92,2.175,6474.1
5.84,76.86,2385.0,82.0,96.0,1.01513671875,88.91,2.176,6476.16
5.76,78.97,2385.0,80.0,96.0,1.013671875,88.91,2.176,6478.21
5.67,76.19,2385.0,77.0,59.0,1.013671875,88.91,2.176,6480.27
5.78,77.93,2385.0,82.0,96.0,1.01220703125,88.9,2.176,6482.31
5.69,76.72,2379.0,83.0,96.0,1.01220703125,88.91,2.176,6484.37
5.64,82.76,2385.0,83.0,96.0,1.01220703125,88.91,2.176,6486.43
5.7,79.4,2340.0,82.0,96.0,1.09130859375,88.9,2.176,6488.46
5.81,82.21,2385.0,81.0,96.0,1.09130859375,88.9,2.176,6490.55
5.71,82.67,2385.0,81.0,96.0,1.16455078125,88.91,2.176,6492.58
6.23,83.36,2385.0,80.0,96.0,1.16455078125,88.9,2.176,6494.66
5.86,81.19,2372.0,81.0,96.0,1.16455078125,88.9,2.176,6496.72
5.89,83.94,2385.0,80.0,96.0,1.1513671875,88.9,2.176,6498.78
5.56,76.86,2385.0,81.0,96.0,1.1513671875,88.9,2.176,6500.83
5.84,77.1,2379.0,82.0,96.0,1.13916015625,88.9,2.176,6502.9
5.66,76.35,2385.0,87.0,96.0,1.13916015625,88.92,2.176,6504.94
5.74,77.21,2398.0,86.0,96.0,1.13916015625,88.91,2.176,6507.0
5.65,78.14,2385.0,78.0,61.0,1.20849609375,88.91,2.176,6509.04
5.78,80.61,2353.0,83.0,96.0,1.20849609375,88.92,2.176,6511.11
5.71,83.82,2379.0,86.0,96.0,1.19140625,88.9,2.176,6513.14
5.59,82.2,2385.0,85.0,96.0,1.19140625,88.92,2.176,6515.2
5.71,84.27,2385.0,83.0,96.0,1.17578125,88.92,2.176,6517.26
5.71,79.97,2385.0,87.0,96.0,1.17578125,88.93,2.176,6519.31
5.71,83.09,2385.0,84.0,96.0,1.17578125,88.92,2.176,6521.38
5.64,81.96,2385.0,80.0,96.0,1.16162109375,88.93,2.176,6523.42
5.71,76.21,2385.0,87.0,96.0,1.16162109375,88.92,2.176,6525.5
5.67,77.2,2385.0,87.0,92.0,1.1484375,88.92,2.176,6527.54
5.89,77.68,2385.0,86.0,96.0,1.1484375,88.91,2.176,6529.62
5.6,76.09,2392.0,85.0,96.0,1.1484375,88.91,2.176,6531.66
5.76,77.89,2385.0,86.0,96.0,1.13623046875,88.9,2.176,6533.74
5.71,76.89,2385.0,86.0,96.0,1.13623046875,88.91,2.176,6535.78
5.74,82.14,2385.0,84.0,96.0,1.125,88.91,2.176,6537.86
5.63,83.73,2379.0,87.0,96.0,1.125,88.89,2.176,6539.9
5.79,82.87,2385.0,86.0,96.0,1.125,88.9,2.176,6541.96
5.72,83.76,2385.0,85.0,96.0,1.1953125,88.9,2.176,6544.01
5.54,82.42,2385.0,87.0,96.0,1.1953125,88.9,2.176,6546.07
5.72,84.12,2385.0,85.0,96.0,1.17919921875,88.91,2.176,6548.11
5.74,79.94,2372.0,86.0,96.0,1.17919921875,88.89,2.176,6550.17
5.73,76.9,2385.0,87.0,96.0,1.16455078125,88.89,2.176,6552.23
6.05,76.33,2392.0,87.0,96.0,1.16455078125,88.9,2.176,6554.28
5.74,77.75,2385.0,85.0,96.0,1.16455078125,88.9,2.176,6556.35
5.75,76.14,2385.0,84.0,96.0,1.1513671875,88.9,2.176,6558.41
5.75,78.51,2392.0,81.0,96.0,1.1513671875,88.9,2.176,6560.48
5.59,81.08,2379.0,82.0,96.0,1.13916015625,88.9,2.176,6562.53
5.78,82.52,2385.0,81.0,96.0,1.13916015625,88.9,2.176,6564.58
5.66,82.48,2385.0,85.0,96.0,1.13916015625,88.9,2.177,6566.61
5.68,82.92,2385.0,84.0,96.0,1.1279296875,88.9,2.177,6568.69
5.63,82.07,2359.0,81.0,96.0,1.1279296875,88.91,2.177,6570.72
5.72,84.0,2385.0,82.0,96.0,1.11767578125,88.91,2.177,6572.8
5.79,82.56,2385.0,85.0,96.0,1.11767578125,88.91,2.177,6574.86
5.62,78.31,2385.0,84.0,96.0,1.11767578125,88.91,2.177,6576.92
5.79,75.25,2392.0,84.0,96.0,1.10791015625,88.89,2.177,6578.97
5.8,78.06,2385.0,80.0,56.0,1.10791015625,88.89,2.177,6581.04
5.81,77.36,2392.0,82.0,96.0,1.09912109375,88.9,2.177,6583.1
5.67,77.67,2372.0,77.0,96.0,1.09912109375,88.89,2.177,6585.16
5.81,76.49,2385.0,81.0,96.0,1.0908203125,88.9,2.177,6587.22
5.79,83.92,2385.0,81.0,96.0,1.0908203125,88.89,2.177,6589.29
5.65,82.31,2385.0,83.0,96.0,1.0908203125,88.9,2.177,6591.36
5.78,83.99,2385.0,83.0,96.0,1.08349609375,88.91,2.177,6593.41
5.85,82.06,2385.0,82.0,96.0,1.08349609375,88.91,2.177,6595.49
5.78,83.86,2385.0,80.0,96.0,1.1572265625,88.92,2.177,6597.53
5.72,81.55,2372.0,83.0,96.0,1.1572265625,88.91,2.177,6599.6
5.79,84.26,2379.0,82.0,96.0,1.1572265625,88.92,2.177,6601.66
5.8,77.06,2385.0,81.0,96.0,1.14453125,88.92,2.177,6603.73
5.71,78.12,2385.0,82.0,96.0,1.14453125,88.91,2.177,6605.78
5.73,76.97,2392.0,81.0,96.0,1.21337890625,88.91,2.177,6607.85
5.71,78.22,2366.0,79.0,90.0,1.21337890625,88.92,2.177,6609.9
5.82,77.0,2385.0,84.0,96.0,1.21337890625,88.91,2.177,6611.97
5.99,76.19,2333.0,80.0,96.0,1.27685546875,88.91,2.177,6614.02
5.92,82.68,2385.0,81.0,96.0,1.27685546875,88.91,2.177,6616.13
5.93,82.54,2385.0,81.0,96.0,1.25439453125,88.91,2.177,6618.18
5.95,82.28,2359.0,80.0,96.0,1.25439453125,88.91,2.177,6620.26
5.55,81.7,2385.0,80.0,96.0,1.23388671875,88.91,2.177,6622.31
5.81,84.01,2385.0,81.0,96.0,1.23388671875,88.91,2.177,6624.39
5.75,82.06,2385.0,81.0,96.0,1.23388671875,88.91,2.177,6626.47
5.78,82.41,2385.0,80.0,96.0,1.21484375,88.92,2.177,6628.52
5.63,76.93,2385.0,85.0,96.0,1.21484375,88.92,2.177,6630.59
5.8,78.44,2385.0,83.0,96.0,1.197265625,88.92,2.177,6632.64
5.76,77.01,2398.0,80.0,96.0,1.197265625,88.92,2.177,6634.71
5.69,78.16,2385.0,83.0,91.0,1.197265625,88.93,2.177,6636.76
5.74,76.77,2385.0,80.0,96.0,1.18115234375,88.92,2.177,6638.83
5.7,77.04,2385.0,80.0,96.0,1.18115234375,88.92,2.177,6640.89
5.83,81.72,2385.0,80.0,96.0,1.16650390625,88.91,2.177,6642.98
5.63,84.2,2385.0,86.0,96.0,1.16650390625,88.9,2.177,6645.03
5.84,81.99,2385.0,83.0,96.0,1.15283203125,88.9,2.177,6647.11
5.93,81.52,2385.0,80.0,96.0,1.15283203125,88.91,2.177,6649.15
5.79,83.52,2385.0,86.0,96.0,1.15283203125,88.9,2.177,6651.24
5.68,82.02,2385.0,85.0,96.0,1.14013671875,88.91,2.177,6653.3
5.77,83.32,2385.0,82.0,96.0,1.14013671875,88.92,2.177,6655.37
5.74,75.78,2385.0,84.0,96.0,1.12890625,88.92,2.177,6657.42
5.91,77.59,2398.0,81.0,96.0,1.12890625,88.92,2.177,6659.49
5.62,77.25,2385.0,86.0,96.0,1.12890625,88.92,2.177,6661.54
5.84,76.63,2392.0,86.0,96.0,1.1181640625,88.92,2.177,6663.61
5.83,77.17,2385.0,77.0,57.0,1.1181640625,88.92,2.177,6665.67
5.66,76.52,2385.0,85.0,96.0,1.1083984375,88.92,2.177,6667.73
5.99,81.83,2385.0,85.0,96.0,1.1083984375,88.92,2.177,6669.84
5.77,81.5,2379.0,87.0,96.0,1.1083984375,88.92,2.177,6671.88
6.22,82.37,2385.0,85.0,96.0,1.099609375,88.92,2.177,6673.95
5.65,83.89,2385.0,83.0,96.0,1.099609375,88.93,2.177,6675.99
5.92,81.63,2385.0,84.0,96.0,1.09130859375,88.93,2.179,6678.05
6.02,82.99,2385.0,87.0,96.0,1.09130859375,88.92,2.179,6680.12
5.77,80.37,2385.0,87.0,96.0,1.083984375,88.92,2.179,6682.19
5.87,78.31,2385.0,86.0,92.0,1.083984375,88.93,2.179,6684.24
5.81,76.19,2392.0,87.0,96.0,1.083984375,88.91,2.179,6686.3
5.76,78.49,2385.0,84.0,96.0,1.0771484375,88.91,2.179,6688.36
5.97,73.83,2385.0,80.0,96.0,1.0771484375,88.91,2.179,6690.43
5.86,77.44,2385.0,81.0,96.0,1.07080078125,88.91,2.179,6692.49
5.67,81.78,2385.0,83.0,96.0,1.07080078125,88.91,2.179,6694.55
5.78,83.05,2379.0,87.0,96.0,1.07080078125,88.92,2.179,6696.61
6.02,81.65,2385.0,87.0,96.0,1.2255859375,88.91,2.179,6698.66
5.74,84.15,2385.0,87.0,96.0,1.2255859375,88.9,2.179,6700.74
5.79,82.14,2385.0,87.0,96.0,1.20751953125,88.91,2.179,6702.8
5.84,81.87,2385.0,86.0,96.0,1.20751953125,88.91,2.179,6704.86
5.79,81.11,2359.0,87.0,96.0,1.20751953125,88.91,2.179,6706.92
5.84,80.63,2385.0,86.0,96.0,1.1904296875,88.91,2.181,6708.98
5.95,77.5,2392.0,86.0,96.0,1.1904296875,88.92,2.181,6711.07
5.58,77.97,2385.0,85.0,96.0,1.1748046875,88.92,2.181,6713.11
5.91,77.71,2385.0,82.0,96.0,1.1748046875,88.91,2.181,6715.18
5.7,77.62,2392.0,81.0,96.0,1.2412109375,88.91,2.181,6717.22
5.95,78.24,2379.0,87.0,96.0,1.2412109375,88.91,2.181,6719.3
5.61,81.88,2359.0,87.0,96.0,1.2412109375,88.9,2.181,6721.36
5.81,82.77,2372.0,87.0,96.0,1.2216796875,88.9,2.181,6723.42
5.74,84.33,2385.0,87.0,96.0,1.2216796875,88.9,2.181,6725.46
5.72,82.1,2385.0,86.0,96.0,1.20361328125,88.9,2.181,6727.53
5.73,81.72,2385.0,86.0,96.0,1.20361328125,88.88,2.182,6729.58
5.8,82.84,2385.0,84.0,96.0,1.20361328125,88.88,2.182,6731.65
6.11,84.05,2385.0,83.0,96.0,1.18701171875,88.9,2.182,6733.69
5.74,76.79,2385.0,84.0,96.0,1.18701171875,88.9,2.182,6735.77
5.69,78.19,2379.0,81.0,96.0,1.171875,88.9,2.182,6737.82
6.01,76.92,2385.0,86.0,96.0,1.171875,88.88,2.182,6739.89
5.77,78.53,2392.0,77.0,57.0,1.171875,88.88,2.182,6741.94
5.67,77.16,2385.0,87.0,96.0,1.15771484375,88.89,2.182,6744.01
5.75,77.69,2392.0,86.0,96.0,1.15771484375,88.89,2.182,6746.07
5.86,81.2,2385.0,83.0,96.0,1.14501953125,88.9,2.182,6748.17
5.73,82.47,2372.0,81.0,96.0,1.14501953125,88.9,2.182,6750.22
5.78,84.11,2385.0,81.0,96.0,1.13330078125,88.9,2.182,6752.3
5.7,82.35,2379.0,83.0,96.0,1.13330078125,88.9,2.182,6754.35
5.92,83.12,2385.0,84.0,96.0,1.13330078125,88.9,2.182,6756.42
5.63,80.35,2385.0,83.0,96.0,1.12255859375,88.9,2.182,6758.48
5.9,82.85,2385.0,87.0,96.0,1.12255859375,88.91,2.182,6760.54
5.8,76.72,2385.0,84.0,96.0,1.1123046875,88.9,2.182,6762.6
5.8,78.43,2385.0,82.0,96.0,1.1123046875,88.9,2.182,6764.67
5.63,76.44,2385.0,86.0,96.0,1.1123046875,88.9,2.182,6766.73
5.83,77.26,2392.0,83.0,96.0,1.10302734375,88.91,2.182,6768.8
5.86,77.38,2385.0,82.0,96.0,1.10302734375,88.9,2.184,6770.87
5.61,76.76,2385.0,83.0,96.0,1.0947265625,88.9,2.184,6772.93
5.79,82.12,2379.0,82.0,96.0,1.0947265625,88.9,2.184,6775.01
5.8,83.9,2385.0,86.0,96.0,1.0947265625,88.9,2.184,6777.06
5.9,80.45,2346.0,84.0,96.0,1.0869140625,88.89,2.184,6779.13
5.6,83.71,2385.0,81.0,96.0,1.0869140625,88.89,2.184,6781.17
5.65,82.58,2385.0,82.0,96.0,1.07958984375,88.89,2.184,6783.23
5.82,83.9,2379.0,83.0,96.0,1.07958984375,88.89,2.184,6785.3
5.63,80.02,2385.0,86.0,96.0,1.07275390625,88.9,2.184,6787.35
5.7,78.87,2385.0,85.0,57.0,1.07275390625,88.89,2.184,6789.41
5.85,76.74,2385.0,82.0,96.0,1.07275390625,88.89,2.185,6791.49
5.68,78.58,2392.0,77.0,96.0,1.06689453125,88.89,2.185,6793.53
6.26,76.86,2379.0,81.0,96.0,1.06689453125,88.89,2.185,6795.6
5.72,78.33,2392.0,79.0,75.0,1.0615234375,88.89,2.185,6797.65
5.86,80.67,2379.0,82.0,96.0,1.0615234375,88.88,2.185,6799.73
5.68,83.89,2385.0,81.0,96.0,1.0615234375,88.89,2.186,6801.77
5.7,82.29,2385.0,83.0,96.0,1.05615234375,88.88,2.186,6803.84
5.81,83.06,2385.0,84.0,96.0,1.05615234375,88.88,2.186,6805.9
5.81,80.91,2385.0,81.0,96.0,1.05126953125,88.88,2.186,6807.98
5.62,84.07,2385.0,85.0,96.0,1.05126953125,88.89,2.186,6810.03
5.82,82.43,2385.0,81.0,96.0,1.046875,88.87,2.186,6812.09
5.77,77.19,2268.0,80.0,96.0,1.046875,88.88,2.186,6814.15
5.86,76.74,2385.0,82.0,96.0,1.046875,88.87,2.186,6816.22
5.64,78.05,2385.0,80.0,96.0,1.04296875,88.88,2.186,6818.27
5.78,75.87,2398.0,80.0,96.0,1.04296875,88.88,2.186,6820.35
5.81,78.63,2385.0,82.0,96.0,1.0390625,88.89,2.186,6822.4
5.76,76.9,2385.0,84.0,96.0,1.0390625,88.89,2.186,6824.47
5.66,83.26,2385.0,83.0,96.0,1.0390625,88.89,2.186,6826.52
5.83,82.23,2385.0,86.0,96.0,1.03564453125,88.89,2.186,6828.57
5.85,83.56,2385.0,85.0,96.0,1.03564453125,88.89,2.186,6830.64
5.66,82.08,2385.0,80.0,96.0,1.03271484375,88.89,2.188,6832.71
5.71,81.66,2281.0,80.0,96.0,1.03271484375,88.9,2.188,6834.77
5.7,82.15,2385.0,81.0,96.0,1.03271484375,88.9,2.188,6836.82
5.79,83.19,2385.0,81.0,96.0,1.02978515625,88.89,2.188,6838.89
5.77,76.8,2385.0,82.0,96.0,1.02978515625,88.9,2.188,6840.95
5.84,77.91,2385.0,84.0,96.0,1.02734375,88.88,2.188,6843.0
5.76,76.21,2398.0,81.0,96.0,1.02734375,88.88,2.188,6845.07
5.66,78.42,2385.0,86.0,96.0,1.02490234375,88.88,2.188,6847.13
5.64,76.37,2372.0,81.0,96.0,1.02490234375,88.9,2.188,6849.19
5.75,79.05,2385.0,85.0,96.0,1.02490234375,88.88,2.188,6851.24
5.68,82.28,2385.0,85.0,96.0,1.10302734375,88.87,2.189,6853.33
6.28,81.69,2268.0,83.0,96.0,1.10302734375,88.87,2.189,6855.39
5.63,82.31,2385.0,82.0,96.0,1.0947265625,88.88,2.189,6857.44
5.77,84.12,2385.0,81.0,96.0,1.0947265625,88.87,2.189,6859.5
5.77,81.89,2372.0,81.0,96.0,1.0947265625,88.87,2.189,6861.58
5.74,84.2,2385.0,83.0,96.0,1.0869140625,88.89,2.189,6863.62
5.73,81.19,2385.0,81.0,96.0,1.0869140625,88.9,2.189,6865.69
5.74,78.37,2385.0,82.0,96.0,1.07958984375,88.89,2.189,6867.74
5.73,76.99,2385.0,81.0,96.0,1.07958984375,88.9,2.189,6869.82
5.66,77.9,2392.0,83.0,96.0,1.07958984375,88.9,2.189,6871.86
5.69,77.45,2385.0,82.0,90.0,1.07275390625,88.88,2.189,6873.95
5.7,77.21,2385.0,81.0,96.0,1.07275390625,88.88,2.189,6875.99
5.67,79.52,2372.0,81.0,96.0,1.06689453125,88.88,2.189,6878.06
5.77,82.11,2385.0,84.0,96.0,1.06689453125,88.87,2.189,6880.14
5.64,83.51,2385.0,86.0,96.0,1.0615234375,88.88,2.189,6882.2
5.71,81.55,2385.0,85.0,96.0,1.0615234375,88.88,2.189,6884.27
5.77,81.86,2385.0,85.0,96.0,1.0615234375,88.89,2.189,6886.34
5.79,82.28,2385.0,86.0,96.0,1.05615234375,88.89,2.189,6888.41
5.69,83.98,2385.0,86.0,96.0,1.05615234375,88.89,2.189,6890.46
5.73,81.12,2385.0,84.0,96.0,1.05126953125,88.9,2.189,6892.52
5.8,78.39,2385.0,86.0,93.0,1.05126953125,88.9,2.191,6894.57
5.79,76.66,2392.0,85.0,96.0,1.05126953125,88.89,2.191,6896.64
5.71,77.8,2366.0,78.0,96.0,1.046875,88.89,2.191,6898.7
5.88,76.38,2392.0,83.0,96.0,1.046875,88.88,2.191,6900.76
5.73,78.2,2385.0,77.0,57.0,1.04296875,88.89,2.191,6902.82
5.82,81.65,2379.0,83.0,96.0,1.04296875,88.89,2.191,6904.89
5.6,83.04,2385.0,84.0,96.0,1.04296875,88.89,2.191,6906.94
5.76,82.03,2372.0,86.0,96.0,1.19970703125,88.89,2.191,6908.99
5.75,83.97,2385.0,85.0,96.0,1.19970703125,88.9,2.191,6911.06
5.6,82.67,2385.0,83.0,96.0,1.18359375,88.89,2.191,6913.12
6.12,83.11,2385.0,86.0,96.0,1.18359375,88.88,2.192,6915.18
5.75,83.12,2379.0,84.0,96.0,1.16845703125,88.86,2.192,6917.23
5.81,77.71,2385.0,87.0,96.0,1.16845703125,88.86,2.192,6919.29
5.6,77.16,2385.0,83.0,96.0,1.16845703125,88.88,2.192,6921.32
5.59,77.43,2385.0,81.0,96.0,1.15478515625,88.89,2.192,6923.41
5.86,77.12,2392.0,86.0,96.0,1.15478515625,88.89,2.192,6925.46
5.84,77.57,2379.0,83.0,96.0,1.14208984375,88.89,2.192,6927.53
5.81,76.46,2379.0,86.0,96.0,1.14208984375,88.88,2.192,6929.58
5.74,83.27,2385.0,85.0,96.0,1.14208984375,88.88,2.192,6931.66
5.67,82.64,2385.0,84.0,96.0,1.13037109375,88.88,2.192,6933.72
5.81,82.1,2379.0,82.0,96.0,1.13037109375,88.88,2.194,6935.8
5.66,82.28,2385.0,84.0,96.0,1.11962890625,88.88,2.194,6937.86
5.7,84.26,2385.0,87.0,96.0,1.11962890625,88.88,2.194,6939.92
5.86,82.27,2385.0,82.0,96.0,1.11962890625,88.88,2.194,6942.0
5.76,82.64,2385.0,82.0,96.0,1.10986328125,88.88,2.194,6944.05
5.71,77.03,2385.0,87.0,96.0,1.10986328125,88.86,2.194,6946.11
5.69,78.14,2392.0,86.0,96.0,1.1005859375,88.87,2.194,6948.16
5.91,77.39,2385.0,77.0,57.0,1.1005859375,88.88,2.194,6950.23
5.79,77.9,2392.0,84.0,96.0,1.09228515625,88.89,2.194,6952.28
5.82,77.71,2385.0,77.0,96.0,1.09228515625,88.88,2.194,6954.36
5.71,76.79,2385.0,85.0,96.0,1.09228515625,88.89,2.195,6956.41
5.9,82.87,2385.0,84.0,96.0,1.08447265625,88.89,2.195,6958.5
5.76,82.61,2385.0,84.0,96.0,1.08447265625,88.89,2.195,6960.55
5.77,82.68,2385.0,81.0,96.0,1.07763671875,88.88,2.195,6962.63
5.85,78.97,2346.0,85.0,96.0,1.07763671875,88.87,2.195,6964.67
6.07,84.01,2385.0,84.0,96.0,1.07763671875,88.88,2.195,6966.76
5.74,81.75,2385.0,81.0,96.0,1.0712890625,88.88,2.195,6968.82
5.83,84.25,2385.0,80.0,96.0,1.0712890625,88.87,2.195,6970.88
5.8,77.13,2385.0,80.0,96.0,1.0654296875,88.87,2.195,6972.95
5.95,78.5,2385.0,83.0,96.0,1.0654296875,88.87,2.195,6975.0
5.88,77.81,2385.0,81.0,96.0,1.0654296875,88.88,2.195,6977.07
5.93,76.86,2385.0,79.0,75.0,1.140625,88.89,2.195,6979.13
5.72,77.04,2353.0,83.0,96.0,1.140625,88.9,2.195,6981.19
5.79,76.57,2385.0,83.0,96.0,1.12890625,88.88,2.195,6983.25
5.87,82.88,2385.0,81.0,96.0,1.12890625,88.88,2.195,6985.32
5.68,81.97,2385.0,81.0,96.0,1.1181640625,88.87,2.195,6987.37
5.82,81.72,2385.0,81.0,96.0,1.1181640625,88.87,2.195,6989.44
5.71,82.63,2379.0,83.0,96.0,1.1181640625,88.87,2.195,6991.51
5.76,83.48,2385.0,81.0,96.0,1.1083984375,88.87,2.195,6993.57
5.77,82.46,2385.0,81.0,96.0,1.1083984375,88.87,2.197,6995.63
5.68,83.31,2385.0,82.0,96.0,1.099609375,88.87,2.197,6997.69
5.73,76.72,2392.0,82.0,96.0,1.099609375,88.87,2.197,6999.74
5.85,77.93,2385.0,86.0,96.0,1.099609375,88.87,2.197,7001.81
5.62,77.35,2385.0,86.0,96.0,1.09130859375,88.87,2.197,7003.87
5.79,77.96,2392.0,86.0,96.0,1.09130859375,88.87,2.197,7005.93
5.8,76.75,2385.0,77.0,64.0,1.083984375,88.86,2.197,7007.99
5.81,74.15,2385.0,82.0,96.0,1.083984375,88.88,2.197,7010.05
5.73,82.18,2385.0,84.0,96.0,1.0771484375,88.88,2.197,7012.15
5.66,82.44,2385.0,83.0,96.0,1.0771484375,88.89,2.197,7014.19
5.89,83.36,2385.0,81.0,96.0,1.0771484375,88.88,2.198,7016.29
5.8,82.15,2379.0,87.0,96.0,1.07080078125,88.88,2.198,7018.33
5.74,82.64,2385.0,87.0,96.0,1.07080078125,88.87,2.198,7020.4
5.76,84.05,2385.0,86.0,96.0,1.06494140625,88.87,2.198,7022.44
5.79,80.96,2385.0,86.0,96.0,1.06494140625,88.88,2.198,7024.51
5.62,78.49,2385.0,87.0,86.0,1.06494140625,88.88,2.198,7026.55
5.8,76.72,2392.0,85.0,96.0,1.0595703125,88.88,2.198,7028.61
5.85,78.61,2385.0,85.0,96.0,1.0595703125,88.87,2.198,7030.67
5.62,75.72,2385.0,86.0,96.0,1.0546875,88.86,2.198,7032.73
6.27,77.53,2385.0,81.0,96.0,1.0546875,88.85,2.198,7034.79
5.73,82.56,2385.0,83.0,96.0,1.0546875,88.86,2.198,7036.84
5.89,81.41,2372.0,86.0,96.0,1.05029296875,88.87,2.198,7038.9
5.66,84.57,2385.0,86.0,96.0,1.05029296875,88.87,2.198,7040.94
5.8,82.22,2385.0,86.0,96.0,1.0458984375,88.87,2.198,7043.01
5.75,83.67,2385.0,86.0,96.0,1.0458984375,88.87,2.198,7045.05
5.68,81.62,2366.0,87.0,96.0,1.0458984375,88.88,2.198,7047.11
5.77,83.4,2385.0,86.0,96.0,1.0419921875,88.87,2.198,7049.16
5.78,76.71,2385.0,86.0,96.0,1.0419921875,88.87,2.198,7051.21
5.72,77.3,2385.0,86.0,96.0,1.03857421875,88.87,2.198,7053.27
5.74,77.35,2392.0,77.0,67.0,1.03857421875,88.87,2.198,7055.31
5.81,77.52,2385.0,87.0,96.0,1.03515625,88.86,2.2,7057.39
5.76,77.49,2398.0,77.0,96.0,1.03515625,88.87,2.2,7059.43
5.73,79.16,2353.0,87.0,96.0,1.03515625,88.85,2.2,7061.51
5.76,82.92,2372.0,86.0,96.0,1.0322265625,88.86,2.2,7063.55
5.83,79.64,2385.0,86.0,96.0,1.0322265625,88.87,2.2,7065.61
5.72,84.11,2385.0,86.0,96.0,1.029296875,88.86,2.2,7067.67
5.89,81.95,2379.0,85.0,96.0,1.029296875,88.87,2.2,7069.73
5.81,83.81,2385.0,83.0,96.0,1.029296875,88.87,2.2,7071.79
5.71,82.31,2385.0,86.0,76.0,1.02685546875,88.87,2.2,7073.85
5.83,79.38,2385.0,82.0,96.0,1.02685546875,88.88,2.2,7075.91
5.81,76.79,2385.0,87.0,96.0,1.0244140625,88.87,2.201,7077.97
5.72,77.99,2385.0,83.0,96.0,1.0244140625,88.87,2.201,7080.03
5.8,76.9,2398.0,84.0,96.0,1.0244140625,88.87,2.201,7082.08
5.84,78.06,2385.0,86.0,96.0,1.1025390625,88.87,2.201,7084.14
5.82,74.08,2385.0,84.0,96.0,1.1025390625,88.87,2.201,7086.2
5.75,81.7,2346.0,87.0,96.0,1.09423828125,88.87,2.201,7088.27
5.7,82.24,2385.0,86.0,96.0,1.09423828125,88.87,2.201,7090.31
5.76,83.68,2385.0,86.0,96.0,1.08642578125,88.87,2.201,7092.4
5.64,79.79,2385.0,86.0,96.0,1.08642578125,88.87,2.201,7094.46
6.15,83.22,2385.0,87.0,96.0,1.08642578125,88.87,2.201,7096.52
5.8,81.77,2385.0,86.0,96.0,1.0791015625,88.87,2.201,7098.57
5.76,82.09,2385.0,86.0,96.0,1.0791015625,88.86,2.201,7100.64
5.72,75.84,2385.0,87.0,88.0,1.07275390625,88.87,2.201,7102.69
5.81,78.12,2385.0,86.0,96.0,1.07275390625,88.87,2.201,7104.75
5.79,76.88,2392.0,86.0,96.0,1.07275390625,88.87,2.201,7106.81
5.86,77.91,2385.0,81.0,96.0,1.06689453125,88.87,2.201,7108.87
5.72,76.62,2392.0,83.0,96.0,1.06689453125,88.87,2.201,7110.93
5.76,77.92,2385.0,85.0,96.0,1.0615234375,88.88,2.201,7112.99
5.82,83.12,2385.0,83.0,96.0,1.0615234375,88.86,2.201,7115.08
5.63,82.35,2385.0,86.0,96.0,1.05615234375,88.87,2.201,7117.13
5.79,80.34,2379.0,84.0,96.0,1.05615234375,88.86,2.203,7119.2
5.78,83.34,2385.0,82.0,96.0,1.05615234375,88.85,2.203,7121.24
5.64,82.02,2385.0,86.0,96.0,1.05126953125,88.86,2.203,7123.3
5.72,81.24,2385.0,84.0,96.0,1.05126953125,88.86,2.203,7125.35
5.83,80.03,2385.0,86.0,96.0,1.046875,88.86,2.203,7127.41
5.78,77.79,2385.0,82.0,96.0,1.046875,88.87,2.203,7129.48
5.68,76.83,2385.0,81.0,56.0,1.046875,88.87,2.203,7131.54
5.79,77.83,2392.0,86.0,96.0,1.04296875,88.87,2.203,7133.6
5.79,76.52,2385.0,78.0,96.0,1.04296875,88.87,2.203,7135.67
5.74,75.46,2385.0,82.0,96.0,1.11962890625,88.86,2.203,7137.72
5.66,82.08,2385.0,82.0,96.0,1.11962890625,88.88,2.204,7139.79
5.81,84.0,2385.0,82.0,96.0,1.11962890625,88.88,2.204,7141.84
5.8,82.28,2385.0,82.0,96.0,1.1904296875,88.88,2.204,7143.91
5.77,81.19,2353.0,81.0,96.0,1.1904296875,88.88,2.204,7145.96
5.83,82.18,2385.0,83.0,96.0,1.25537109375,88.87,2.204,7148.03
5.85,84.22,2385.0,81.0,96.0,1.25537109375,88.88,2.204,7150.08
5.78,82.22,2385.0,80.0,96.0,1.3154296875,88.89,2.204,7152.15
5.61,78.94,2379.0,81.0,96.0,1.3154296875,88.89,2.204,7154.2
6.07,77.41,2385.0,81.0,96.0,1.3154296875,88.88,2.204,7156.26
5.74,78.49,2392.0,80.0,96.0,1.2900390625,88.89,2.204,7158.31
5.75,75.86,2340.0,83.0,96.0,1.2900390625,88.89,2.204,7160.38
5.71,78.33,2392.0,80.0,96.0,1.2666015625,88.89,2.204,7162.43
5.77,78.0,2385.0,77.0,96.0,1.2666015625,88.89,2.204,7164.5
5.71,83.96,2385.0,80.0,96.0,1.2666015625,88.89,2.204,7166.55
5.63,81.88,2385.0,83.0,96.0,1.2451171875,88.88,2.204,7168.6
5.83,82.15,2333.0,83.0,96.0,1.2451171875,88.87,2.204,7170.67
5.72,82.35,2385.0,80.0,96.0,1.22509765625,88.88,2.204,7172.73
5.74,83.54,2385.0,80.0,96.0,1.22509765625,88.88,2.204,7174.79
5.74,80.21,2320.0,80.0,96.0,1.22509765625,88.88,2.204,7176.85
5.81,83.54,2385.0,80.0,59.0,1.20703125,88.88,2.204,7178.91
5.86,74.37,2385.0,85.0,96.0,1.20703125,88.84,2.238,7180.98
1.08,17.08,2411.0,71.0,0.0,1.1904296875,88.48,2.408,7183.02
3.05,17.1,2411.0,70.0,0.0,1.1904296875,89.58,1.062,7185.06
